invoice_id,order_id,invoice_date,invoice_price
INV0001,ORD0001,17-04-2024,20542
INV0002,ORD0002,09-11-2024,71436
INV0003,ORD0003,03-03-2024,67882
INV0004,ORD0004,05-02-2024,18702
INV0005,ORD0005,25-06-2024,17241
INV0006,ORD0006,02-07-2024,38165
INV0007,ORD0007,25-09-2024,18916
INV0008,ORD0008,21-10-2024,45701
INV0009,ORD0009,29-01-2024,19449
INV0010,ORD0010,22-01-2024,70821
INV0011,ORD0011,30-05-2024,26133
INV0012,ORD0012,14-01-2024,65323
INV0013,ORD0013,04-02-2024,73874
INV0014,ORD0014,28-03-2024,74050
INV0015,ORD0015,31-01-2024,26177
INV0016,ORD0016,09-08-2024,27086
INV0017,ORD0017,07-06-2024,15802
INV0018,ORD0018,29-08-2024,39484
INV0019,ORD0019,02-08-2024,67491
INV0020,ORD0020,21-08-2024,25415
INV0021,ORD0021,08-03-2024,32508
INV0022,ORD0022,23-12-2024,29431
INV0023,ORD0023,14-05-2024,34936
INV0024,ORD0024,08-11-2024,69312
INV0025,ORD0025,27-04-2024,25229
INV0026,ORD0026,20-08-2024,67739
INV0027,ORD0027,24-09-2024,41127
INV0028,ORD0028,13-07-2024,62816
INV0029,ORD0029,06-08-2024,60631
INV0030,ORD0030,05-06-2024,62568
INV0031,ORD0031,18-01-2024,46506
INV0032,ORD0032,22-06-2024,41428
INV0033,ORD0033,24-08-2024,52722
INV0034,ORD0034,29-02-2024,33205
INV0035,ORD0035,23-07-2024,52294
INV0036,ORD0036,15-11-2024,59996
INV0037,ORD0037,03-04-2024,58352
INV0038,ORD0038,18-06-2024,42386
INV0039,ORD0039,02-01-2024,31359
INV0040,ORD0040,21-12-2024,38951
INV0041,ORD0041,27-05-2024,69373
INV0042,ORD0042,22-04-2024,71044
INV0043,ORD0043,12-12-2024,54145
INV0044,ORD0044,31-10-2024,26573
INV0045,ORD0045,06-07-2024,20931
INV0046,ORD0046,20-10-2024,70452
INV0047,ORD0047,01-02-2024,52420
INV0048,ORD0048,08-09-2024,15888
INV0049,ORD0049,03-09-2024,45463
INV0050,ORD0050,18-02-2024,17572
INV0051,ORD0051,15-09-2024,57141
INV0052,ORD0052,05-03-2024,16777
INV0053,ORD0053,23-05-2024,41139
INV0054,ORD0054,08-12-2024,33168
INV0055,ORD0055,11-05-2024,72801
INV0056,ORD0056,09-05-2024,71622
INV0057,ORD0057,24-04-2024,74587
INV0058,ORD0058,22-07-2024,18835
INV0059,ORD0059,27-01-2024,44005
INV0060,ORD0060,28-01-2024,53669
INV0061,ORD0061,26-07-2024,64976
INV0062,ORD0062,16-05-2024,58989
INV0063,ORD0063,04-11-2024,21874
INV0064,ORD0064,16-05-2024,36690
INV0065,ORD0065,13-02-2024,42483
INV0066,ORD0066,24-12-2024,64356
INV0067,ORD0067,27-12-2024,18244
INV0068,ORD0068,26-10-2024,60067
INV0069,ORD0069,28-11-2024,30135
INV0070,ORD0070,03-09-2024,41618
INV0071,ORD0071,28-02-2024,55081
INV0072,ORD0072,25-03-2024,55968
INV0073,ORD0073,08-03-2024,42004
INV0074,ORD0074,22-07-2024,55397
INV0075,ORD0075,30-05-2024,62891
INV0076,ORD0076,03-05-2024,21767
INV0077,ORD0077,13-07-2024,25653
INV0078,ORD0078,05-01-2024,67306
INV0079,ORD0079,12-09-2024,27783
INV0080,ORD0080,17-01-2024,55077
INV0081,ORD0081,12-12-2024,65749
INV0082,ORD0082,19-07-2024,61914
INV0083,ORD0083,28-02-2024,32928
INV0084,ORD0084,08-08-2024,68353
INV0085,ORD0085,03-02-2024,41101
INV0086,ORD0086,19-08-2024,34546
INV0087,ORD0087,30-07-2024,28449
INV0088,ORD0088,23-12-2024,30923
INV0089,ORD0089,30-01-2024,17610
INV0090,ORD0090,20-07-2024,35449
INV0091,ORD0091,28-09-2024,48313
INV0092,ORD0092,15-12-2024,41108
INV0093,ORD0093,12-08-2024,50559
INV0094,ORD0094,28-01-2024,21305
INV0095,ORD0095,29-11-2024,22596
INV0096,ORD0096,25-02-2024,20355
INV0097,ORD0097,23-02-2024,66171
INV0098,ORD0098,05-05-2024,28749
INV0099,ORD0099,28-05-2024,23472
INV0100,ORD0100,28-10-2024,38165
INV0101,ORD0101,09-06-2024,62586
INV0102,ORD0102,24-04-2024,70713
INV0103,ORD0103,28-12-2024,23969
INV0104,ORD0104,22-06-2024,66148
INV0105,ORD0105,14-11-2024,18148
INV0106,ORD0106,24-02-2024,74527
INV0107,ORD0107,15-03-2024,64824
INV0108,ORD0108,09-11-2024,51846
INV0109,ORD0109,28-04-2024,38011
INV0110,ORD0110,09-06-2024,60036
INV0111,ORD0111,30-09-2024,64936
INV0112,ORD0112,04-12-2024,39171
INV0113,ORD0113,26-10-2024,69760
INV0114,ORD0114,19-02-2024,65005
INV0115,ORD0115,22-07-2024,36997
INV0116,ORD0116,21-09-2024,16851
INV0117,ORD0117,06-12-2024,56714
INV0118,ORD0118,08-04-2024,32734
INV0119,ORD0119,06-04-2024,26131
INV0120,ORD0120,01-08-2024,59483
INV0121,ORD0121,06-03-2024,69422
INV0122,ORD0122,14-06-2024,43169
INV0123,ORD0123,27-07-2024,74507
INV0124,ORD0124,02-04-2024,62670
INV0125,ORD0125,23-04-2024,21327
INV0126,ORD0126,04-12-2024,31010
INV0127,ORD0127,22-08-2024,39387
INV0128,ORD0128,06-10-2024,20671
INV0129,ORD0129,17-06-2024,73614
INV0130,ORD0130,23-03-2024,44137
INV0131,ORD0131,18-03-2024,51905
INV0132,ORD0132,19-01-2024,27123
INV0133,ORD0133,15-08-2024,36076
INV0134,ORD0134,19-02-2024,16296
INV0135,ORD0135,28-11-2024,23672
INV0136,ORD0136,21-09-2024,46960
INV0137,ORD0137,24-02-2024,65223
INV0138,ORD0138,15-01-2024,60724
INV0139,ORD0139,24-12-2024,63934
INV0140,ORD0140,09-10-2024,58067
INV0141,ORD0141,11-02-2024,24171
INV0142,ORD0142,23-07-2024,44843
INV0143,ORD0143,12-05-2024,16754
INV0144,ORD0144,29-04-2024,37057
INV0145,ORD0145,29-04-2024,64987
INV0146,ORD0146,16-08-2024,23357
INV0147,ORD0147,16-11-2024,39927
INV0148,ORD0148,17-03-2024,18345
INV0149,ORD0149,21-03-2024,51746
INV0150,ORD0150,18-04-2024,56589
INV0151,ORD0151,25-08-2024,44527
INV0152,ORD0152,23-06-2024,23241
INV0153,ORD0153,14-03-2024,26765
INV0154,ORD0154,17-09-2024,25431
INV0155,ORD0155,21-11-2024,15426
INV0156,ORD0156,04-03-2024,57897
INV0157,ORD0157,14-03-2024,60057
INV0158,ORD0158,17-08-2024,53941
INV0159,ORD0159,10-06-2024,64996
INV0160,ORD0160,08-05-2024,31159
INV0161,ORD0161,01-06-2024,58240
INV0162,ORD0162,19-07-2024,49170
INV0163,ORD0163,30-06-2024,64626
INV0164,ORD0164,11-10-2024,31661
INV0165,ORD0165,30-03-2024,65531
INV0166,ORD0166,29-01-2024,38774
INV0167,ORD0167,26-06-2024,33637
INV0168,ORD0168,13-03-2024,56267
INV0169,ORD0169,22-06-2024,65110
INV0170,ORD0170,01-02-2024,69716
INV0171,ORD0171,02-02-2024,37602
INV0172,ORD0172,16-04-2024,54041
INV0173,ORD0173,18-04-2024,46929
INV0174,ORD0174,04-02-2024,44118
INV0175,ORD0175,01-07-2024,27475
INV0176,ORD0176,14-07-2024,38047
INV0177,ORD0177,20-05-2024,24575
INV0178,ORD0178,29-06-2024,19370
INV0179,ORD0179,20-10-2024,58915
INV0180,ORD0180,09-06-2024,29206
INV0181,ORD0181,24-10-2024,42788
INV0182,ORD0182,18-11-2024,15521
INV0183,ORD0183,02-08-2024,19861
INV0184,ORD0184,20-02-2024,24531
INV0185,ORD0185,01-11-2024,48287
INV0186,ORD0186,02-11-2024,32038
INV0187,ORD0187,14-05-2024,17583
INV0188,ORD0188,24-01-2024,35554
INV0189,ORD0189,14-02-2024,52415
INV0190,ORD0190,17-08-2024,38863
INV0191,ORD0191,30-08-2024,29268
INV0192,ORD0192,09-12-2024,43502
INV0193,ORD0193,19-08-2024,15083
INV0194,ORD0194,06-05-2024,41712
INV0195,ORD0195,28-07-2024,16085
INV0196,ORD0196,25-01-2024,30617
INV0197,ORD0197,19-04-2024,38336
INV0198,ORD0198,22-05-2024,20225
INV0199,ORD0199,13-01-2024,73533
INV0200,ORD0200,19-08-2024,41483
INV0201,ORD0201,22-10-2024,58338
INV0202,ORD0202,05-09-2024,47320
INV0203,ORD0203,29-05-2024,70289
INV0204,ORD0204,17-04-2024,44223
INV0205,ORD0205,09-09-2024,28573
INV0206,ORD0206,22-01-2024,27134
INV0207,ORD0207,29-02-2024,44760
INV0208,ORD0208,26-09-2024,72477
INV0209,ORD0209,18-01-2024,64384
INV0210,ORD0210,26-04-2024,59018
INV0211,ORD0211,18-01-2024,74129
INV0212,ORD0212,01-12-2024,66444
INV0213,ORD0213,28-12-2024,31919
INV0214,ORD0214,12-04-2024,70607
INV0215,ORD0215,01-09-2024,27140
INV0216,ORD0216,29-04-2024,41833
INV0217,ORD0217,09-12-2024,55778
INV0218,ORD0218,01-06-2024,20510
INV0219,ORD0219,22-06-2024,65274
INV0220,ORD0220,27-05-2024,38342
INV0221,ORD0221,07-04-2024,56626
INV0222,ORD0222,23-04-2024,31866
INV0223,ORD0223,04-09-2024,62462
INV0224,ORD0224,18-05-2024,23272
INV0225,ORD0225,26-09-2024,55785
INV0226,ORD0226,11-07-2024,48783
INV0227,ORD0227,27-10-2024,50265
INV0228,ORD0228,24-07-2024,23821
INV0229,ORD0229,18-11-2024,31328
INV0230,ORD0230,29-10-2024,50258
INV0231,ORD0231,14-06-2024,15907
INV0232,ORD0232,12-10-2024,74412
INV0233,ORD0233,02-02-2024,20503
INV0234,ORD0234,14-03-2024,15995
INV0235,ORD0235,14-11-2024,73005
INV0236,ORD0236,31-03-2024,37110
INV0237,ORD0237,13-01-2024,24566
INV0238,ORD0238,05-02-2024,23141
INV0239,ORD0239,02-08-2024,19034
INV0240,ORD0240,20-01-2024,56025
INV0241,ORD0241,29-03-2024,32720
INV0242,ORD0242,04-03-2024,38753
INV0243,ORD0243,22-12-2024,59433
INV0244,ORD0244,02-05-2024,50640
INV0245,ORD0245,16-11-2024,41536
INV0246,ORD0246,26-03-2024,40124
INV0247,ORD0247,26-11-2024,26363
INV0248,ORD0248,01-12-2024,61245
INV0249,ORD0249,13-12-2024,28973
INV0250,ORD0250,20-01-2024,42103
INV0251,ORD0251,25-04-2024,25581
INV0252,ORD0252,27-06-2024,27180
INV0253,ORD0253,18-08-2024,43489
INV0254,ORD0254,27-10-2024,39227
INV0255,ORD0255,16-06-2024,37321
INV0256,ORD0256,18-12-2024,60537
INV0257,ORD0257,23-03-2024,73323
INV0258,ORD0258,20-10-2024,30201
INV0259,ORD0259,24-07-2024,60965
INV0260,ORD0260,03-04-2024,38562
INV0261,ORD0261,31-03-2024,35584
INV0262,ORD0262,03-05-2024,61829
INV0263,ORD0263,15-08-2024,57649
INV0264,ORD0264,23-04-2024,34750
INV0265,ORD0265,18-11-2024,29122
INV0266,ORD0266,19-05-2024,18060
INV0267,ORD0267,17-01-2024,27307
INV0268,ORD0268,24-12-2024,59088
INV0269,ORD0269,05-12-2024,55697
INV0270,ORD0270,02-04-2024,54261
INV0271,ORD0271,18-10-2024,45347
INV0272,ORD0272,30-12-2024,67151
INV0273,ORD0273,02-06-2024,32085
INV0274,ORD0274,12-02-2024,67044
INV0275,ORD0275,14-05-2024,72679
INV0276,ORD0276,06-02-2024,73960
INV0277,ORD0277,01-03-2024,63481
INV0278,ORD0278,21-02-2024,69097
INV0279,ORD0279,26-10-2024,61870
INV0280,ORD0280,18-12-2024,51597
INV0281,ORD0281,29-09-2024,65140
INV0282,ORD0282,29-03-2024,63475
INV0283,ORD0283,01-03-2024,53708
INV0284,ORD0284,17-07-2024,67953
INV0285,ORD0285,01-12-2024,17563
INV0286,ORD0286,29-12-2024,58163
INV0287,ORD0287,22-05-2024,63213
INV0288,ORD0288,22-10-2024,52909
INV0289,ORD0289,30-06-2024,65238
INV0290,ORD0290,11-08-2024,34346
INV0291,ORD0291,05-07-2024,54867
INV0292,ORD0292,30-09-2024,66796
INV0293,ORD0293,07-10-2024,74845
INV0294,ORD0294,22-06-2024,15528
INV0295,ORD0295,08-10-2024,36768
INV0296,ORD0296,24-04-2024,46635
INV0297,ORD0297,12-01-2024,40846
INV0298,ORD0298,03-05-2024,18980
INV0299,ORD0299,20-02-2024,60422
INV0300,ORD0300,01-11-2024,35043
INV0301,ORD0301,25-01-2024,74271
INV0302,ORD0302,30-10-2024,38687
INV0303,ORD0303,02-04-2024,35923
INV0304,ORD0304,22-09-2024,60637
INV0305,ORD0305,06-06-2024,57909
INV0306,ORD0306,20-06-2024,63152
INV0307,ORD0307,31-12-2024,24864
INV0308,ORD0308,02-02-2024,21593
INV0309,ORD0309,05-03-2024,32645
INV0310,ORD0310,24-03-2024,57262
INV0311,ORD0311,18-09-2024,30768
INV0312,ORD0312,03-03-2024,73832
INV0313,ORD0313,26-04-2024,43549
INV0314,ORD0314,07-04-2024,22477
INV0315,ORD0315,18-08-2024,20692
INV0316,ORD0316,05-07-2024,22844
INV0317,ORD0317,27-12-2024,25190
INV0318,ORD0318,31-07-2024,16874
INV0319,ORD0319,15-10-2024,22383
INV0320,ORD0320,29-07-2024,40361
INV0321,ORD0321,26-01-2024,15041
INV0322,ORD0322,11-01-2024,31568
INV0323,ORD0323,07-05-2024,47461
INV0324,ORD0324,10-06-2024,45761
INV0325,ORD0325,22-05-2024,50741
INV0326,ORD0326,29-07-2024,27363
INV0327,ORD0327,18-04-2024,41054
INV0328,ORD0328,11-04-2024,63718
INV0329,ORD0329,05-10-2024,69097
INV0330,ORD0330,02-04-2024,55665
INV0331,ORD0331,08-04-2024,45246
INV0332,ORD0332,30-04-2024,54533
INV0333,ORD0333,12-05-2024,46128
INV0334,ORD0334,31-01-2024,71317
INV0335,ORD0335,30-05-2024,59908
INV0336,ORD0336,15-06-2024,57503
INV0337,ORD0337,01-02-2024,18058
INV0338,ORD0338,05-09-2024,63630
INV0339,ORD0339,29-01-2024,46312
INV0340,ORD0340,02-02-2024,25687
INV0341,ORD0341,18-09-2024,38878
INV0342,ORD0342,04-10-2024,59126
INV0343,ORD0343,24-06-2024,40811
INV0344,ORD0344,30-06-2024,40586
INV0345,ORD0345,23-11-2024,61998
INV0346,ORD0346,05-05-2024,54383
INV0347,ORD0347,01-10-2024,26092
INV0348,ORD0348,23-05-2024,45553
INV0349,ORD0349,11-01-2024,61472
INV0350,ORD0350,30-01-2024,29851
INV0351,ORD0351,23-05-2024,42755
INV0352,ORD0352,07-12-2024,47141
INV0353,ORD0353,28-03-2024,45129
INV0354,ORD0354,25-05-2024,70650
INV0355,ORD0355,13-08-2024,17738
INV0356,ORD0356,09-04-2024,65059
INV0357,ORD0357,30-01-2024,26980
INV0358,ORD0358,28-08-2024,16100
INV0359,ORD0359,05-03-2024,30117
INV0360,ORD0360,29-08-2024,44413
INV0361,ORD0361,30-09-2024,59527
INV0362,ORD0362,16-11-2024,67495
INV0363,ORD0363,03-11-2024,24649
INV0364,ORD0364,05-02-2024,42403
INV0365,ORD0365,03-11-2024,24476
INV0366,ORD0366,29-06-2024,33970
INV0367,ORD0367,19-07-2024,46417
INV0368,ORD0368,25-04-2024,71370
INV0369,ORD0369,11-08-2024,50981
INV0370,ORD0370,08-07-2024,43048
INV0371,ORD0371,13-06-2024,17967
INV0372,ORD0372,24-11-2024,44334
INV0373,ORD0373,27-12-2024,17913
INV0374,ORD0374,05-11-2024,32546
INV0375,ORD0375,19-08-2024,53639
INV0376,ORD0376,16-04-2024,68420
INV0377,ORD0377,15-04-2024,60446
INV0378,ORD0378,12-05-2024,38760
INV0379,ORD0379,24-06-2024,54871
INV0380,ORD0380,11-04-2024,24582
INV0381,ORD0381,16-03-2024,50166
INV0382,ORD0382,29-08-2024,25514
INV0383,ORD0383,24-11-2024,68316
INV0384,ORD0384,02-08-2024,17565
INV0385,ORD0385,18-05-2024,53488
INV0386,ORD0386,08-03-2024,23724
INV0387,ORD0387,30-07-2024,50961
INV0388,ORD0388,27-03-2024,23947
INV0389,ORD0389,09-01-2024,31774
INV0390,ORD0390,25-11-2024,68175
INV0391,ORD0391,13-08-2024,16213
INV0392,ORD0392,20-11-2024,53572
INV0393,ORD0393,02-12-2024,35006
INV0394,ORD0394,14-05-2024,35645
INV0395,ORD0395,21-02-2024,41840
INV0396,ORD0396,12-03-2024,48554
INV0397,ORD0397,25-02-2024,52525
INV0398,ORD0398,19-02-2024,48158
INV0399,ORD0399,27-06-2024,20825
INV0400,ORD0400,18-12-2024,29391
INV0401,ORD0401,02-10-2024,35406
INV0402,ORD0402,06-12-2024,55756
INV0403,ORD0403,15-04-2024,57319
INV0404,ORD0404,01-11-2024,50746
INV0405,ORD0405,07-10-2024,45849
INV0406,ORD0406,22-05-2024,27493
INV0407,ORD0407,09-03-2024,56827
INV0408,ORD0408,06-10-2024,37418
INV0409,ORD0409,19-03-2024,55971
INV0410,ORD0410,28-01-2024,73562
INV0411,ORD0411,04-12-2024,65535
INV0412,ORD0412,30-12-2024,58189
INV0413,ORD0413,13-02-2024,46359
INV0414,ORD0414,06-06-2024,67460
INV0415,ORD0415,28-03-2024,36027
INV0416,ORD0416,19-11-2024,72225
INV0417,ORD0417,10-09-2024,21391
INV0418,ORD0418,09-08-2024,67814
INV0419,ORD0419,03-10-2024,62153
INV0420,ORD0420,16-09-2024,72971
INV0421,ORD0421,19-10-2024,66451
INV0422,ORD0422,13-06-2024,70776
INV0423,ORD0423,03-09-2024,40472
INV0424,ORD0424,20-11-2024,17045
INV0425,ORD0425,04-11-2024,18233
INV0426,ORD0426,21-11-2024,68001
INV0427,ORD0427,27-06-2024,29100
INV0428,ORD0428,31-10-2024,73115
INV0429,ORD0429,30-10-2024,52730
INV0430,ORD0430,01-06-2024,49882
INV0431,ORD0431,09-02-2024,61672
INV0432,ORD0432,15-04-2024,16951
INV0433,ORD0433,26-06-2024,18702
INV0434,ORD0434,04-01-2024,34067
INV0435,ORD0435,06-04-2024,71953
INV0436,ORD0436,13-08-2024,54853
INV0437,ORD0437,13-04-2024,74546
INV0438,ORD0438,17-07-2024,33712
INV0439,ORD0439,14-10-2024,56289
INV0440,ORD0440,22-02-2024,31009
INV0441,ORD0441,01-07-2024,30299
INV0442,ORD0442,16-12-2024,67657
INV0443,ORD0443,23-03-2024,57947
INV0444,ORD0444,09-08-2024,56273
INV0445,ORD0445,04-10-2024,52682
INV0446,ORD0446,21-06-2024,48678
INV0447,ORD0447,22-05-2024,15758
INV0448,ORD0448,22-02-2024,67521
INV0449,ORD0449,24-11-2024,32048
INV0450,ORD0450,21-12-2024,52359
INV0451,ORD0451,16-07-2024,74828
INV0452,ORD0452,15-01-2024,56698
INV0453,ORD0453,17-02-2024,59476
INV0454,ORD0454,06-03-2024,55129
INV0455,ORD0455,22-03-2024,17549
INV0456,ORD0456,18-11-2024,39421
INV0457,ORD0457,21-09-2024,72084
INV0458,ORD0458,15-12-2024,71818
INV0459,ORD0459,28-12-2024,58086
INV0460,ORD0460,13-03-2024,16507
INV0461,ORD0461,13-08-2024,71663
INV0462,ORD0462,24-03-2024,15177
INV0463,ORD0463,07-11-2024,46840
INV0464,ORD0464,30-12-2024,72162
INV0465,ORD0465,04-06-2024,26822
INV0466,ORD0466,01-03-2024,59931
INV0467,ORD0467,29-04-2024,38916
INV0468,ORD0468,20-09-2024,17946
INV0469,ORD0469,29-07-2024,19499
INV0470,ORD0470,29-09-2024,70184
INV0471,ORD0471,20-02-2024,40458
INV0472,ORD0472,14-07-2024,59134
INV0473,ORD0473,12-03-2024,29062
INV0474,ORD0474,03-06-2024,16276
INV0475,ORD0475,27-04-2024,74107
INV0476,ORD0476,12-08-2024,64769
INV0477,ORD0477,16-09-2024,53596
INV0478,ORD0478,27-06-2024,19756
INV0479,ORD0479,10-08-2024,21898
INV0480,ORD0480,23-05-2024,62801
INV0481,ORD0481,16-04-2024,38602
INV0482,ORD0482,19-08-2024,23524
INV0483,ORD0483,18-12-2024,42818
INV0484,ORD0484,04-05-2024,26067
INV0485,ORD0485,06-06-2024,45315
INV0486,ORD0486,16-01-2024,27971
INV0487,ORD0487,05-10-2024,59689
INV0488,ORD0488,25-06-2024,17670
INV0489,ORD0489,11-07-2024,26050
INV0490,ORD0490,06-01-2024,54139
INV0491,ORD0491,06-10-2024,47111
INV0492,ORD0492,23-10-2024,18681
INV0493,ORD0493,03-09-2024,39532
INV0494,ORD0494,25-03-2024,54075
INV0495,ORD0495,04-09-2024,57641
INV0496,ORD0496,13-10-2024,65415
INV0497,ORD0497,15-09-2024,47520
INV0498,ORD0498,11-06-2024,60941
INV0499,ORD0499,08-04-2024,73409
INV0500,ORD0500,21-05-2024,68968
INV0501,ORD0501,22-03-2024,69666
INV0502,ORD0502,18-06-2024,47849
INV0503,ORD0503,25-10-2024,73229
INV0504,ORD0504,01-03-2024,57302
INV0505,ORD0505,31-08-2024,49986
INV0506,ORD0506,15-08-2024,31159
INV0507,ORD0507,16-07-2024,37027
INV0508,ORD0508,15-05-2024,60323
INV0509,ORD0509,12-01-2024,57890
INV0510,ORD0510,13-01-2024,49736
INV0511,ORD0511,29-08-2024,40755
INV0512,ORD0512,14-02-2024,70235
INV0513,ORD0513,01-09-2024,23234
INV0514,ORD0514,05-08-2024,23394
INV0515,ORD0515,25-12-2024,61924
INV0516,ORD0516,28-12-2024,57671
INV0517,ORD0517,04-02-2024,40962
INV0518,ORD0518,29-10-2024,49200
INV0519,ORD0519,15-09-2024,52197
INV0520,ORD0520,27-01-2024,43615
INV0521,ORD0521,19-09-2024,64091
INV0522,ORD0522,06-03-2024,34890
INV0523,ORD0523,12-02-2024,30799
INV0524,ORD0524,07-07-2024,45326
INV0525,ORD0525,31-12-2024,40806
INV0526,ORD0526,17-03-2024,19695
INV0527,ORD0527,06-11-2024,23472
INV0528,ORD0528,13-04-2024,61933
INV0529,ORD0529,09-10-2024,74168
INV0530,ORD0530,21-02-2024,46129
INV0531,ORD0531,09-10-2024,47630
INV0532,ORD0532,17-10-2024,27694
INV0533,ORD0533,25-01-2024,71317
INV0534,ORD0534,02-04-2024,39708
INV0535,ORD0535,21-05-2024,69415
INV0536,ORD0536,03-05-2024,70547
INV0537,ORD0537,27-11-2024,46169
INV0538,ORD0538,29-01-2024,35308
INV0539,ORD0539,10-09-2024,41142
INV0540,ORD0540,11-12-2024,39626
INV0541,ORD0541,15-05-2024,33633
INV0542,ORD0542,26-10-2024,59522
INV0543,ORD0543,16-10-2024,71398
INV0544,ORD0544,14-08-2024,47371
INV0545,ORD0545,22-08-2024,71824
INV0546,ORD0546,22-11-2024,41687
INV0547,ORD0547,11-08-2024,19838
INV0548,ORD0548,04-11-2024,48979
INV0549,ORD0549,11-09-2024,74786
INV0550,ORD0550,18-06-2024,21932
INV0551,ORD0551,04-03-2024,16773
INV0552,ORD0552,22-03-2024,74693
INV0553,ORD0553,24-11-2024,39520
INV0554,ORD0554,28-08-2024,63717
INV0555,ORD0555,13-09-2024,21073
INV0556,ORD0556,17-10-2024,28353
INV0557,ORD0557,23-11-2024,42654
INV0558,ORD0558,11-09-2024,54308
INV0559,ORD0559,05-09-2024,33268
INV0560,ORD0560,21-03-2024,58044
INV0561,ORD0561,25-02-2024,52025
INV0562,ORD0562,05-03-2024,74770
INV0563,ORD0563,09-06-2024,70825
INV0564,ORD0564,07-01-2024,66460
INV0565,ORD0565,10-06-2024,73282
INV0566,ORD0566,13-04-2024,20243
INV0567,ORD0567,01-03-2024,16938
INV0568,ORD0568,10-04-2024,63945
INV0569,ORD0569,29-03-2024,62605
INV0570,ORD0570,21-01-2024,57228
INV0571,ORD0571,07-03-2024,49515
INV0572,ORD0572,27-08-2024,48867
INV0573,ORD0573,04-05-2024,74140
INV0574,ORD0574,18-07-2024,55992
INV0575,ORD0575,25-12-2024,48842
INV0576,ORD0576,10-02-2024,65611
INV0577,ORD0577,03-06-2024,17624
INV0578,ORD0578,02-09-2024,44347
INV0579,ORD0579,20-04-2024,27910
INV0580,ORD0580,28-06-2024,27493
INV0581,ORD0581,05-09-2024,55325
INV0582,ORD0582,17-07-2024,27325
INV0583,ORD0583,07-05-2024,71171
INV0584,ORD0584,17-06-2024,49469
INV0585,ORD0585,16-12-2024,64596
INV0586,ORD0586,23-06-2024,62957
INV0587,ORD0587,25-08-2024,49379
INV0588,ORD0588,16-01-2024,18166
INV0589,ORD0589,20-11-2024,44565
INV0590,ORD0590,24-03-2024,73284
INV0591,ORD0591,30-05-2024,54127
INV0592,ORD0592,10-11-2024,50294
INV0593,ORD0593,17-08-2024,36865
INV0594,ORD0594,16-10-2024,15344
INV0595,ORD0595,16-09-2024,35038
INV0596,ORD0596,25-06-2024,24326
INV0597,ORD0597,19-12-2024,31548
INV0598,ORD0598,05-09-2024,53470
INV0599,ORD0599,20-11-2024,43843
INV0600,ORD0600,07-11-2024,42508
INV0601,ORD0601,12-08-2024,39401
INV0602,ORD0602,21-09-2024,70840
INV0603,ORD0603,22-10-2024,56083
INV0604,ORD0604,05-01-2024,38760
INV0605,ORD0605,17-03-2024,61574
INV0606,ORD0606,20-03-2024,71416
INV0607,ORD0607,28-09-2024,67087
INV0608,ORD0608,30-09-2024,71233
INV0609,ORD0609,27-04-2024,37909
INV0610,ORD0610,17-10-2024,16016
INV0611,ORD0611,01-07-2024,63108
INV0612,ORD0612,21-09-2024,35276
INV0613,ORD0613,26-11-2024,24446
INV0614,ORD0614,27-03-2024,25736
INV0615,ORD0615,05-10-2024,22947
INV0616,ORD0616,21-12-2024,44025
INV0617,ORD0617,19-02-2024,36157
INV0618,ORD0618,06-03-2024,16934
INV0619,ORD0619,30-04-2024,73782
INV0620,ORD0620,20-04-2024,43100
INV0621,ORD0621,19-06-2024,19663
INV0622,ORD0622,05-05-2024,59090
INV0623,ORD0623,06-06-2024,29925
INV0624,ORD0624,14-10-2024,28629
INV0625,ORD0625,12-06-2024,26634
INV0626,ORD0626,05-05-2024,30307
INV0627,ORD0627,29-10-2024,45745
INV0628,ORD0628,08-06-2024,56658
INV0629,ORD0629,21-06-2024,74435
INV0630,ORD0630,07-04-2024,16935
INV0631,ORD0631,22-08-2024,62283
INV0632,ORD0632,06-10-2024,31635
INV0633,ORD0633,06-11-2024,41774
INV0634,ORD0634,20-10-2024,74007
INV0635,ORD0635,06-09-2024,64453
INV0636,ORD0636,12-07-2024,19370
INV0637,ORD0637,06-05-2024,16486
INV0638,ORD0638,31-03-2024,54439
INV0639,ORD0639,19-05-2024,53387
INV0640,ORD0640,15-08-2024,59724
INV0641,ORD0641,20-09-2024,41039
INV0642,ORD0642,31-07-2024,74457
INV0643,ORD0643,24-06-2024,52211
INV0644,ORD0644,20-07-2024,61301
INV0645,ORD0645,30-07-2024,67205
INV0646,ORD0646,15-11-2024,39205
INV0647,ORD0647,26-12-2024,36286
INV0648,ORD0648,14-03-2024,67673
INV0649,ORD0649,14-11-2024,56578
INV0650,ORD0650,04-09-2024,41527
INV0651,ORD0651,20-12-2024,37510
INV0652,ORD0652,24-02-2024,39118
INV0653,ORD0653,21-02-2024,63153
INV0654,ORD0654,19-04-2024,62943
INV0655,ORD0655,27-07-2024,69456
INV0656,ORD0656,17-06-2024,19183
INV0657,ORD0657,15-08-2024,16336
INV0658,ORD0658,01-12-2024,45113
INV0659,ORD0659,14-04-2024,57620
INV0660,ORD0660,20-10-2024,38666
INV0661,ORD0661,27-11-2024,71446
INV0662,ORD0662,10-07-2024,58228
INV0663,ORD0663,12-12-2024,36736
INV0664,ORD0664,23-09-2024,20292
INV0665,ORD0665,09-02-2024,27867
INV0666,ORD0666,19-04-2024,20960
INV0667,ORD0667,07-07-2024,57443
INV0668,ORD0668,01-11-2024,69256
INV0669,ORD0669,17-01-2024,41825
INV0670,ORD0670,08-09-2024,65876
INV0671,ORD0671,15-09-2024,29235
INV0672,ORD0672,03-04-2024,71754
INV0673,ORD0673,30-08-2024,20910
INV0674,ORD0674,01-04-2024,70281
INV0675,ORD0675,31-05-2024,32979
INV0676,ORD0676,06-04-2024,68982
INV0677,ORD0677,13-10-2024,73344
INV0678,ORD0678,26-07-2024,42759
INV0679,ORD0679,31-12-2024,29761
INV0680,ORD0680,14-08-2024,72425
INV0681,ORD0681,25-07-2024,29734
INV0682,ORD0682,11-11-2024,42882
INV0683,ORD0683,08-03-2024,30828
INV0684,ORD0684,27-04-2024,70896
INV0685,ORD0685,20-01-2024,45820
INV0686,ORD0686,05-08-2024,74387
INV0687,ORD0687,23-11-2024,25255
INV0688,ORD0688,13-07-2024,30554
INV0689,ORD0689,15-08-2024,15941
INV0690,ORD0690,29-06-2024,25091
INV0691,ORD0691,12-02-2024,61493
INV0692,ORD0692,15-04-2024,19917
INV0693,ORD0693,07-12-2024,16595
INV0694,ORD0694,06-08-2024,73933
INV0695,ORD0695,18-12-2024,31770
INV0696,ORD0696,03-04-2024,22712
INV0697,ORD0697,13-08-2024,65856
INV0698,ORD0698,24-07-2024,28125
INV0699,ORD0699,07-08-2024,53575
INV0700,ORD0700,24-04-2024,58494
INV0701,ORD0701,05-05-2024,31117
INV0702,ORD0702,15-07-2024,57085
INV0703,ORD0703,04-11-2024,66397
INV0704,ORD0704,19-05-2024,68610
INV0705,ORD0705,16-03-2024,18579
INV0706,ORD0706,03-05-2024,62531
INV0707,ORD0707,03-03-2024,26266
INV0708,ORD0708,18-07-2024,52927
INV0709,ORD0709,21-11-2024,61635
INV0710,ORD0710,09-04-2024,41853
INV0711,ORD0711,18-07-2024,50218
INV0712,ORD0712,19-02-2024,17691
INV0713,ORD0713,23-08-2024,30395
INV0714,ORD0714,03-09-2024,62905
INV0715,ORD0715,24-08-2024,73575
INV0716,ORD0716,28-07-2024,23713
INV0717,ORD0717,07-12-2024,70046
INV0718,ORD0718,26-07-2024,24628
INV0719,ORD0719,30-07-2024,30188
INV0720,ORD0720,12-03-2024,33877
INV0721,ORD0721,17-09-2024,72332
INV0722,ORD0722,11-09-2024,73753
INV0723,ORD0723,15-06-2024,68035
INV0724,ORD0724,12-09-2024,52465
INV0725,ORD0725,19-07-2024,43572
INV0726,ORD0726,21-09-2024,40209
INV0727,ORD0727,17-12-2024,35116
INV0728,ORD0728,17-08-2024,63425
INV0729,ORD0729,19-07-2024,49243
INV0730,ORD0730,25-06-2024,66457
INV0731,ORD0731,07-07-2024,38229
INV0732,ORD0732,11-08-2024,64620
INV0733,ORD0733,17-04-2024,28415
INV0734,ORD0734,22-10-2024,60342
INV0735,ORD0735,15-04-2024,68515
INV0736,ORD0736,09-11-2024,21537
INV0737,ORD0737,07-07-2024,70283
INV0738,ORD0738,22-01-2024,27355
INV0739,ORD0739,26-04-2024,56809
INV0740,ORD0740,01-06-2024,46618
INV0741,ORD0741,27-05-2024,29773
INV0742,ORD0742,15-12-2024,73705
INV0743,ORD0743,28-11-2024,69199
INV0744,ORD0744,05-12-2024,43522
INV0745,ORD0745,19-07-2024,23739
INV0746,ORD0746,11-10-2024,67050
INV0747,ORD0747,27-08-2024,67641
INV0748,ORD0748,09-08-2024,59734
INV0749,ORD0749,24-12-2024,48304
INV0750,ORD0750,19-06-2024,32221
INV0751,ORD0751,07-07-2024,37724
INV0752,ORD0752,16-02-2024,24763
INV0753,ORD0753,30-04-2024,26777
INV0754,ORD0754,31-12-2024,42797
INV0755,ORD0755,11-02-2024,63323
INV0756,ORD0756,18-02-2024,34632
INV0757,ORD0757,21-11-2024,65761
INV0758,ORD0758,19-09-2024,37402
INV0759,ORD0759,30-08-2024,68605
INV0760,ORD0760,12-05-2024,22125
INV0761,ORD0761,25-03-2024,31344
INV0762,ORD0762,05-09-2024,66705
INV0763,ORD0763,23-07-2024,61947
INV0764,ORD0764,15-02-2024,25721
INV0765,ORD0765,26-01-2024,42584
INV0766,ORD0766,18-12-2024,52129
INV0767,ORD0767,02-03-2024,21126
INV0768,ORD0768,28-05-2024,25783
INV0769,ORD0769,26-05-2024,40645
INV0770,ORD0770,08-09-2024,58188
INV0771,ORD0771,03-09-2024,26333
INV0772,ORD0772,10-11-2024,70654
INV0773,ORD0773,02-11-2024,26132
INV0774,ORD0774,29-06-2024,32881
INV0775,ORD0775,05-04-2024,44941
INV0776,ORD0776,23-02-2024,25438
INV0777,ORD0777,22-05-2024,72647
INV0778,ORD0778,20-05-2024,35796
INV0779,ORD0779,18-07-2024,19850
INV0780,ORD0780,29-11-2024,64066
INV0781,ORD0781,12-09-2024,19663
INV0782,ORD0782,23-05-2024,65513
INV0783,ORD0783,09-08-2024,24060
INV0784,ORD0784,14-03-2024,31771
INV0785,ORD0785,03-10-2024,61997
INV0786,ORD0786,26-09-2024,53580
INV0787,ORD0787,29-08-2024,17673
INV0788,ORD0788,21-12-2024,52598
INV0789,ORD0789,14-04-2024,59978
INV0790,ORD0790,04-09-2024,56472
INV0791,ORD0791,22-08-2024,36049
INV0792,ORD0792,01-08-2024,53524
INV0793,ORD0793,06-08-2024,49299
INV0794,ORD0794,06-02-2024,63053
INV0795,ORD0795,13-07-2024,49908
INV0796,ORD0796,01-08-2024,34501
INV0797,ORD0797,26-09-2024,42180
INV0798,ORD0798,01-02-2024,55369
INV0799,ORD0799,17-12-2024,71403
INV0800,ORD0800,11-11-2024,53755
INV0801,ORD0801,05-08-2024,30373
INV0802,ORD0802,17-09-2024,54193
INV0803,ORD0803,14-02-2024,20889
INV0804,ORD0804,22-06-2024,45616
INV0805,ORD0805,09-02-2024,60140
INV0806,ORD0806,31-05-2024,36018
INV0807,ORD0807,23-01-2024,37915
INV0808,ORD0808,15-01-2024,54068
INV0809,ORD0809,02-01-2024,20953
INV0810,ORD0810,23-03-2024,70521
INV0811,ORD0811,12-04-2024,71483
INV0812,ORD0812,14-03-2024,25922
INV0813,ORD0813,29-02-2024,27075
INV0814,ORD0814,10-06-2024,30030
INV0815,ORD0815,08-09-2024,30944
INV0816,ORD0816,01-09-2024,43746
INV0817,ORD0817,30-05-2024,53057
INV0818,ORD0818,27-02-2024,37349
INV0819,ORD0819,14-11-2024,16808
INV0820,ORD0820,06-08-2024,25354
INV0821,ORD0821,05-04-2024,63802
INV0822,ORD0822,27-04-2024,30573
INV0823,ORD0823,10-08-2024,38041
INV0824,ORD0824,30-11-2024,70075
INV0825,ORD0825,26-08-2024,19729
INV0826,ORD0826,01-02-2024,48833
INV0827,ORD0827,25-05-2024,47284
INV0828,ORD0828,13-08-2024,40436
INV0829,ORD0829,10-05-2024,74040
INV0830,ORD0830,06-04-2024,20550
INV0831,ORD0831,20-12-2024,60012
INV0832,ORD0832,14-04-2024,72124
INV0833,ORD0833,26-12-2024,16463
INV0834,ORD0834,17-12-2024,60019
INV0835,ORD0835,05-01-2024,15783
INV0836,ORD0836,02-05-2024,66252
INV0837,ORD0837,19-04-2024,33484
INV0838,ORD0838,22-03-2024,66760
INV0839,ORD0839,09-03-2024,69038
INV0840,ORD0840,26-09-2024,40583
INV0841,ORD0841,13-02-2024,26256
INV0842,ORD0842,20-01-2024,47500
INV0843,ORD0843,27-09-2024,59057
INV0844,ORD0844,14-09-2024,69357
INV0845,ORD0845,06-10-2024,28944
INV0846,ORD0846,27-02-2024,16749
INV0847,ORD0847,23-07-2024,60442
INV0848,ORD0848,25-09-2024,69642
INV0849,ORD0849,06-10-2024,36764
INV0850,ORD0850,10-02-2024,70157
INV0851,ORD0851,28-08-2024,62019
INV0852,ORD0852,07-04-2024,33428
INV0853,ORD0853,20-06-2024,46760
INV0854,ORD0854,20-12-2024,66064
INV0855,ORD0855,24-12-2024,58747
INV0856,ORD0856,08-02-2024,58478
INV0857,ORD0857,08-11-2024,16000
INV0858,ORD0858,07-03-2024,23963
INV0859,ORD0859,18-02-2024,25920
INV0860,ORD0860,24-02-2024,42941
INV0861,ORD0861,08-02-2024,44362
INV0862,ORD0862,17-11-2024,18540
INV0863,ORD0863,09-05-2024,65917
INV0864,ORD0864,28-03-2024,61084
INV0865,ORD0865,03-07-2024,56052
INV0866,ORD0866,18-04-2024,31599
INV0867,ORD0867,27-10-2024,35235
INV0868,ORD0868,01-08-2024,18360
INV0869,ORD0869,08-06-2024,63661
INV0870,ORD0870,29-02-2024,38086
INV0871,ORD0871,31-01-2024,17893
INV0872,ORD0872,25-11-2024,72180
INV0873,ORD0873,08-01-2024,59998
INV0874,ORD0874,04-10-2024,50654
INV0875,ORD0875,24-01-2024,42446
INV0876,ORD0876,18-02-2024,29352
INV0877,ORD0877,17-03-2024,37547
INV0878,ORD0878,04-09-2024,62303
INV0879,ORD0879,17-01-2024,44869
INV0880,ORD0880,15-11-2024,31335
INV0881,ORD0881,19-11-2024,34929
INV0882,ORD0882,04-02-2024,58836
INV0883,ORD0883,04-02-2024,21269
INV0884,ORD0884,29-09-2024,56686
INV0885,ORD0885,14-04-2024,74205
INV0886,ORD0886,06-02-2024,43628
INV0887,ORD0887,29-09-2024,36779
INV0888,ORD0888,02-03-2024,51872
INV0889,ORD0889,26-02-2024,20300
INV0890,ORD0890,17-06-2024,44948
INV0891,ORD0891,16-10-2024,37790
INV0892,ORD0892,15-08-2024,44203
INV0893,ORD0893,07-12-2024,24410
INV0894,ORD0894,10-07-2024,71055
INV0895,ORD0895,30-01-2024,19612
INV0896,ORD0896,12-04-2024,28288
INV0897,ORD0897,02-11-2024,46738
INV0898,ORD0898,08-02-2024,33547
INV0899,ORD0899,21-07-2024,52169
INV0900,ORD0900,29-10-2024,27793
INV0901,ORD0901,19-10-2024,27775
INV0902,ORD0902,11-02-2024,70791
INV0903,ORD0903,18-01-2024,20288
INV0904,ORD0904,20-06-2024,33440
INV0905,ORD0905,24-08-2024,20154
INV0906,ORD0906,13-08-2024,31599
INV0907,ORD0907,05-05-2024,30066
INV0908,ORD0908,11-04-2024,71170
INV0909,ORD0909,03-03-2024,26070
INV0910,ORD0910,30-03-2024,53665
INV0911,ORD0911,15-12-2024,40172
INV0912,ORD0912,11-11-2024,66213
INV0913,ORD0913,28-11-2024,36319
INV0914,ORD0914,21-09-2024,19466
INV0915,ORD0915,04-05-2024,73960
INV0916,ORD0916,25-09-2024,21871
INV0917,ORD0917,09-11-2024,65084
INV0918,ORD0918,10-06-2024,35023
INV0919,ORD0919,08-06-2024,32179
INV0920,ORD0920,03-11-2024,32789
INV0921,ORD0921,12-03-2024,57673
INV0922,ORD0922,13-07-2024,19183
INV0923,ORD0923,04-05-2024,49546
INV0924,ORD0924,11-01-2024,35631
INV0925,ORD0925,24-04-2024,26051
INV0926,ORD0926,31-07-2024,61642
INV0927,ORD0927,10-10-2024,74851
INV0928,ORD0928,01-11-2024,55960
INV0929,ORD0929,24-12-2024,41852
INV0930,ORD0930,10-12-2024,72634
INV0931,ORD0931,15-10-2024,36006
INV0932,ORD0932,16-11-2024,27938
INV0933,ORD0933,09-11-2024,51593
INV0934,ORD0934,21-04-2024,38215
INV0935,ORD0935,25-12-2024,23333
INV0936,ORD0936,16-10-2024,58831
INV0937,ORD0937,07-07-2024,42704
INV0938,ORD0938,28-10-2024,66926
INV0939,ORD0939,07-03-2024,52556
INV0940,ORD0940,30-03-2024,63212
INV0941,ORD0941,30-06-2024,40168
INV0942,ORD0942,21-04-2024,44775
INV0943,ORD0943,21-12-2024,25391
INV0944,ORD0944,05-08-2024,62332
INV0945,ORD0945,23-11-2024,18338
INV0946,ORD0946,25-12-2024,15995
INV0947,ORD0947,24-11-2024,15152
INV0948,ORD0948,11-02-2024,65580
INV0949,ORD0949,08-01-2024,36299
INV0950,ORD0950,02-06-2024,55213
INV0951,ORD0951,10-09-2024,72068
INV0952,ORD0952,25-01-2024,27556
INV0953,ORD0953,16-11-2024,27527
INV0954,ORD0954,16-03-2024,46550
INV0955,ORD0955,12-01-2024,74895
INV0956,ORD0956,10-11-2024,45215
INV0957,ORD0957,09-09-2024,16644
INV0958,ORD0958,09-08-2024,18481
INV0959,ORD0959,07-11-2024,53648
INV0960,ORD0960,16-02-2024,56252
INV0961,ORD0961,18-09-2024,47335
INV0962,ORD0962,08-08-2024,70261
INV0963,ORD0963,29-03-2024,68913
INV0964,ORD0964,30-12-2024,27454
INV0965,ORD0965,09-01-2024,15313
INV0966,ORD0966,19-06-2024,21864
INV0967,ORD0967,03-05-2024,20418
INV0968,ORD0968,04-07-2024,21079
INV0969,ORD0969,03-01-2024,61535
INV0970,ORD0970,04-03-2024,35862
INV0971,ORD0971,08-05-2024,71787
INV0972,ORD0972,26-07-2024,69388
INV0973,ORD0973,28-06-2024,51580
INV0974,ORD0974,29-01-2024,55623
INV0975,ORD0975,19-12-2024,16867
INV0976,ORD0976,21-01-2024,30983
INV0977,ORD0977,12-07-2024,63160
INV0978,ORD0978,30-10-2024,17980
INV0979,ORD0979,15-04-2024,37710
INV0980,ORD0980,19-12-2024,23678
INV0981,ORD0981,13-11-2024,57609
INV0982,ORD0982,01-11-2024,56893
INV0983,ORD0983,03-06-2024,15870
INV0984,ORD0984,13-03-2024,60076
INV0985,ORD0985,11-03-2024,65192
INV0986,ORD0986,22-10-2024,36178
INV0987,ORD0987,31-07-2024,74135
INV0988,ORD0988,30-09-2024,36972
INV0989,ORD0989,20-02-2024,46544
INV0990,ORD0990,16-10-2024,60264
INV0991,ORD0991,19-03-2024,18956
INV0992,ORD0992,26-11-2024,33779
INV0993,ORD0993,23-03-2024,47836
INV0994,ORD0994,27-12-2024,37144
INV0995,ORD0995,15-02-2024,16056
INV0996,ORD0996,08-03-2024,70829
INV0997,ORD0997,02-11-2024,58775
INV0998,ORD0998,12-07-2024,18103
INV0999,ORD0999,20-09-2024,48273
INV1000,ORD1000,03-10-2024,60904
