order_id,order_date,product,region,salesperson_id,list_price,approved_discount_pct
ORD0001,05-08-2024,Laptop,North,SP012,33843,19
ORD0002,28-11-2024,Printer,South,SP002,55084,19
ORD0003,20-10-2024,Tablet,South,SP014,78386,21
ORD0004,13-04-2024,Printer,East,SP008,58784,12
ORD0005,14-04-2024,Printer,North,SP001,47835,17
ORD0006,23-05-2024,Tablet,East,SP015,44070,28
ORD0007,27-06-2024,Tablet,West,SP006,66056,12
ORD0008,20-04-2024,Laptop,North,SP013,77413,13
ORD0009,15-02-2024,Monitor,North,SP013,29687,26
ORD0010,09-04-2024,Tablet,East,SP020,57247,8
ORD0011,11-04-2024,Tablet,West,SP013,44841,12
ORD0012,06-04-2024,Printer,West,SP004,53547,19
ORD0013,01-11-2024,Mobile,South,SP004,48644,21
ORD0014,20-10-2024,Monitor,East,SP014,77995,23
ORD0015,23-03-2024,Mobile,North,SP005,56724,30
ORD0016,23-09-2024,Printer,South,SP008,68361,23
ORD0017,20-04-2024,Monitor,West,SP015,77810,22
ORD0018,15-07-2024,Printer,East,SP004,21484,5
ORD0019,15-06-2024,Tablet,North,SP006,66948,22
ORD0020,08-10-2024,Mobile,South,SP008,69489,27
ORD0021,12-02-2024,Printer,West,SP004,74935,16
ORD0022,23-01-2024,Monitor,North,SP008,22126,18
ORD0023,30-04-2024,Tablet,North,SP018,48947,28
ORD0024,08-08-2024,Mobile,South,SP018,50577,21
ORD0025,14-05-2024,Laptop,South,SP016,78894,15
ORD0026,29-11-2024,Mobile,West,SP001,46667,13
ORD0027,02-05-2024,Printer,East,SP009,52580,20
ORD0028,20-07-2024,Printer,East,SP013,63219,29
ORD0029,26-09-2024,Printer,North,SP007,40317,25
ORD0030,20-11-2024,Printer,North,SP008,62724,14
ORD0031,19-07-2024,Monitor,South,SP016,53798,18
ORD0032,18-01-2024,Monitor,East,SP019,46828,18
ORD0033,27-06-2024,Laptop,East,SP007,61023,13
ORD0034,28-08-2024,Laptop,North,SP012,78667,10
ORD0035,25-08-2024,Tablet,South,SP001,59762,11
ORD0036,23-12-2024,Mobile,West,SP012,38872,8
ORD0037,06-04-2024,Printer,East,SP003,72262,26
ORD0038,29-11-2024,Printer,South,SP009,42501,13
ORD0039,06-07-2024,Printer,South,SP009,44348,11
ORD0040,26-05-2024,Printer,West,SP013,57777,12
ORD0041,18-09-2024,Mobile,North,SP013,44514,26
ORD0042,24-11-2024,Mobile,West,SP016,22265,16
ORD0043,16-09-2024,Monitor,West,SP013,72834,25
ORD0044,25-04-2024,Laptop,West,SP014,39923,17
ORD0045,27-05-2024,Printer,East,SP013,78221,12
ORD0046,28-08-2024,Laptop,North,SP011,23272,28
ORD0047,24-03-2024,Printer,East,SP012,41362,24
ORD0048,06-09-2024,Printer,North,SP015,68734,19
ORD0049,12-09-2024,Tablet,East,SP006,65700,20
ORD0050,08-05-2024,Mobile,South,SP005,47764,18
ORD0051,29-11-2024,Laptop,North,SP005,61824,29
ORD0052,05-07-2024,Tablet,East,SP005,79957,11
ORD0053,29-12-2024,Mobile,West,SP019,39592,7
ORD0054,14-05-2024,Mobile,North,SP010,21781,13
ORD0055,25-05-2024,Monitor,East,SP003,48441,9
ORD0056,26-03-2024,Mobile,East,SP008,20337,19
ORD0057,18-09-2024,Printer,East,SP018,50630,9
ORD0058,24-08-2024,Printer,West,SP006,52607,11
ORD0059,16-01-2024,Printer,West,SP005,22402,27
ORD0060,23-06-2024,Mobile,South,SP013,31614,25
ORD0061,30-05-2024,Mobile,North,SP011,29509,25
ORD0062,18-03-2024,Monitor,South,SP012,61777,10
ORD0063,31-12-2024,Monitor,West,SP010,43564,9
ORD0064,15-04-2024,Printer,West,SP010,66645,20
ORD0065,01-04-2024,Laptop,West,SP009,64145,5
ORD0066,28-03-2024,Laptop,North,SP004,28116,18
ORD0067,02-09-2024,Mobile,South,SP005,66422,20
ORD0068,01-06-2024,Laptop,East,SP006,26594,27
ORD0069,12-07-2024,Tablet,South,SP013,41418,8
ORD0070,19-04-2024,Monitor,East,SP018,40204,8
ORD0071,03-02-2024,Monitor,West,SP006,74131,24
ORD0072,20-07-2024,Tablet,East,SP009,34398,19
ORD0073,07-09-2024,Mobile,East,SP013,65573,28
ORD0074,28-12-2024,Mobile,West,SP011,79554,25
ORD0075,26-05-2024,Tablet,East,SP005,21261,30
ORD0076,04-11-2024,Laptop,West,SP003,72167,25
ORD0077,29-08-2024,Tablet,East,SP017,77308,5
ORD0078,26-01-2024,Laptop,North,SP015,27464,22
ORD0079,29-02-2024,Mobile,West,SP015,62803,7
ORD0080,29-04-2024,Tablet,West,SP013,72991,23
ORD0081,24-09-2024,Monitor,South,SP002,63747,27
ORD0082,22-02-2024,Laptop,East,SP007,63965,15
ORD0083,15-12-2024,Monitor,North,SP014,70706,26
ORD0084,13-10-2024,Monitor,West,SP009,23364,6
ORD0085,30-09-2024,Monitor,East,SP020,31226,22
ORD0086,18-05-2024,Laptop,South,SP017,58761,10
ORD0087,20-12-2024,Mobile,South,SP003,60008,12
ORD0088,26-09-2024,Printer,West,SP011,40744,11
ORD0089,01-12-2024,Printer,North,SP002,78588,18
ORD0090,01-06-2024,Laptop,North,SP003,61803,8
ORD0091,01-09-2024,Mobile,South,SP017,61404,19
ORD0092,25-05-2024,Laptop,North,SP010,65301,18
ORD0093,19-07-2024,Printer,South,SP018,36331,21
ORD0094,29-04-2024,Mobile,North,SP017,67839,18
ORD0095,02-10-2024,Printer,West,SP020,36362,17
ORD0096,29-01-2024,Printer,West,SP011,75841,11
ORD0097,18-06-2024,Tablet,North,SP005,28719,11
ORD0098,07-04-2024,Mobile,West,SP008,44922,7
ORD0099,03-05-2024,Monitor,West,SP017,69618,30
ORD0100,26-11-2024,Laptop,North,SP019,42218,5
ORD0101,06-11-2024,Monitor,North,SP008,27687,10
ORD0102,14-10-2024,Tablet,North,SP015,34698,28
ORD0103,11-05-2024,Monitor,East,SP013,57484,10
ORD0104,23-06-2024,Tablet,South,SP020,75279,22
ORD0105,12-04-2024,Monitor,East,SP019,21904,12
ORD0106,20-03-2024,Mobile,North,SP012,50125,5
ORD0107,13-09-2024,Tablet,South,SP018,46926,24
ORD0108,25-07-2024,Tablet,East,SP019,72960,12
ORD0109,21-10-2024,Printer,South,SP017,70099,5
ORD0110,21-07-2024,Printer,West,SP015,38012,7
ORD0111,06-08-2024,Laptop,South,SP014,65974,5
ORD0112,26-03-2024,Laptop,West,SP004,25937,19
ORD0113,18-06-2024,Mobile,East,SP008,51927,12
ORD0114,23-07-2024,Tablet,East,SP013,56619,29
ORD0115,08-01-2024,Laptop,South,SP012,58616,25
ORD0116,30-04-2024,Tablet,South,SP008,21553,16
ORD0117,10-11-2024,Tablet,East,SP004,77063,14
ORD0118,02-02-2024,Tablet,South,SP001,39797,14
ORD0119,15-05-2024,Printer,South,SP008,20879,11
ORD0120,13-03-2024,Monitor,North,SP012,75340,24
ORD0121,25-02-2024,Laptop,East,SP013,61966,6
ORD0122,12-10-2024,Mobile,East,SP012,27094,15
ORD0123,10-04-2024,Mobile,South,SP016,39669,12
ORD0124,28-10-2024,Mobile,West,SP002,61779,24
ORD0125,01-06-2024,Monitor,North,SP012,41982,12
ORD0126,17-10-2024,Tablet,East,SP014,30157,26
ORD0127,03-03-2024,Printer,South,SP016,72854,5
ORD0128,18-09-2024,Monitor,North,SP007,53340,27
ORD0129,05-09-2024,Mobile,West,SP012,60486,16
ORD0130,17-02-2024,Tablet,North,SP004,63268,27
ORD0131,11-06-2024,Mobile,South,SP004,53767,23
ORD0132,30-10-2024,Laptop,West,SP012,46007,24
ORD0133,25-04-2024,Tablet,West,SP008,52446,24
ORD0134,22-02-2024,Monitor,West,SP012,33919,26
ORD0135,18-12-2024,Monitor,East,SP002,77816,30
ORD0136,23-05-2024,Tablet,West,SP011,75096,28
ORD0137,01-02-2024,Laptop,South,SP013,78897,24
ORD0138,06-03-2024,Monitor,North,SP007,65292,11
ORD0139,25-12-2024,Mobile,West,SP020,67711,26
ORD0140,07-06-2024,Printer,West,SP003,54185,28
ORD0141,02-05-2024,Laptop,West,SP016,28173,5
ORD0142,07-02-2024,Mobile,North,SP003,66248,15
ORD0143,27-08-2024,Laptop,East,SP009,52734,24
ORD0144,30-03-2024,Laptop,South,SP006,31722,5
ORD0145,15-02-2024,Printer,North,SP011,39668,24
ORD0146,08-05-2024,Monitor,South,SP020,26543,21
ORD0147,19-09-2024,Mobile,North,SP002,71060,9
ORD0148,12-03-2024,Mobile,East,SP009,71206,30
ORD0149,03-11-2024,Tablet,West,SP020,65394,11
ORD0150,21-12-2024,Monitor,South,SP020,20390,16
ORD0151,29-11-2024,Laptop,South,SP014,55900,19
ORD0152,16-05-2024,Mobile,West,SP009,77066,15
ORD0153,23-07-2024,Printer,North,SP003,28659,12
ORD0154,14-06-2024,Mobile,South,SP020,47384,27
ORD0155,10-06-2024,Monitor,East,SP002,48866,20
ORD0156,25-07-2024,Monitor,North,SP020,58520,23
ORD0157,01-10-2024,Tablet,West,SP001,57137,17
ORD0158,06-08-2024,Tablet,North,SP003,42727,18
ORD0159,16-04-2024,Mobile,East,SP019,56724,25
ORD0160,12-12-2024,Tablet,East,SP003,74555,24
ORD0161,31-12-2024,Tablet,North,SP014,73926,21
ORD0162,15-11-2024,Tablet,South,SP005,43254,11
ORD0163,30-05-2024,Mobile,South,SP007,33822,18
ORD0164,01-11-2024,Laptop,North,SP013,46988,30
ORD0165,07-03-2024,Tablet,West,SP009,58188,22
ORD0166,27-11-2024,Tablet,North,SP009,73550,28
ORD0167,03-09-2024,Monitor,South,SP014,40961,11
ORD0168,26-05-2024,Laptop,North,SP005,61213,19
ORD0169,09-09-2024,Printer,South,SP009,40028,24
ORD0170,04-05-2024,Mobile,South,SP003,38751,12
ORD0171,11-11-2024,Printer,West,SP013,67933,9
ORD0172,19-09-2024,Tablet,South,SP009,47092,10
ORD0173,16-05-2024,Printer,North,SP016,41881,19
ORD0174,23-05-2024,Monitor,North,SP006,41821,16
ORD0175,28-10-2024,Mobile,East,SP010,46116,10
ORD0176,23-05-2024,Mobile,North,SP020,31685,30
ORD0177,21-03-2024,Printer,West,SP001,48568,16
ORD0178,26-05-2024,Monitor,North,SP005,46938,25
ORD0179,19-03-2024,Tablet,South,SP011,31198,18
ORD0180,27-06-2024,Tablet,East,SP001,49364,27
ORD0181,23-03-2024,Laptop,South,SP008,79730,5
ORD0182,20-05-2024,Laptop,North,SP016,29650,28
ORD0183,01-02-2024,Printer,West,SP011,69749,28
ORD0184,26-01-2024,Monitor,North,SP012,38007,21
ORD0185,06-08-2024,Mobile,North,SP015,58618,27
ORD0186,18-11-2024,Laptop,North,SP007,39056,18
ORD0187,10-07-2024,Mobile,East,SP008,78570,25
ORD0188,09-04-2024,Laptop,West,SP007,24165,25
ORD0189,18-06-2024,Printer,South,SP011,52049,21
ORD0190,01-07-2024,Printer,South,SP010,64817,16
ORD0191,01-05-2024,Monitor,West,SP002,67016,25
ORD0192,27-07-2024,Printer,West,SP018,38351,16
ORD0193,25-04-2024,Monitor,East,SP005,61206,9
ORD0194,10-02-2024,Laptop,South,SP011,49466,25
ORD0195,08-01-2024,Laptop,East,SP020,48051,26
ORD0196,28-08-2024,Tablet,South,SP013,52908,23
ORD0197,19-12-2024,Monitor,South,SP004,47291,6
ORD0198,05-02-2024,Laptop,North,SP012,53666,20
ORD0199,29-10-2024,Tablet,East,SP014,34011,17
ORD0200,28-10-2024,Tablet,West,SP020,27928,8
ORD0201,13-09-2024,Printer,East,SP013,73200,13
ORD0202,08-11-2024,Printer,East,SP002,51399,10
ORD0203,26-06-2024,Tablet,North,SP016,45878,28
ORD0204,22-06-2024,Monitor,East,SP010,76111,15
ORD0205,11-07-2024,Laptop,North,SP011,48389,24
ORD0206,10-10-2024,Monitor,North,SP011,61672,12
ORD0207,05-05-2024,Printer,South,SP009,20585,13
ORD0208,12-04-2024,Tablet,East,SP016,60338,11
ORD0209,22-01-2024,Monitor,South,SP004,26110,12
ORD0210,23-07-2024,Monitor,East,SP001,51290,10
ORD0211,02-08-2024,Tablet,West,SP018,69956,27
ORD0212,15-01-2024,Printer,West,SP011,63060,17
ORD0213,30-11-2024,Printer,South,SP007,51354,15
ORD0214,04-02-2024,Printer,East,SP002,74222,19
ORD0215,13-11-2024,Monitor,East,SP009,54579,28
ORD0216,06-03-2024,Mobile,East,SP014,63023,5
ORD0217,11-04-2024,Laptop,West,SP017,22846,22
ORD0218,04-09-2024,Printer,South,SP006,31777,17
ORD0219,05-02-2024,Mobile,North,SP017,22190,11
ORD0220,17-04-2024,Tablet,South,SP001,59784,28
ORD0221,28-08-2024,Monitor,East,SP013,52716,6
ORD0222,08-07-2024,Tablet,North,SP006,40468,20
ORD0223,13-06-2024,Printer,South,SP015,74062,15
ORD0224,06-08-2024,Tablet,East,SP004,45954,25
ORD0225,15-02-2024,Printer,East,SP018,59500,20
ORD0226,08-09-2024,Printer,South,SP013,72037,5
ORD0227,01-05-2024,Laptop,North,SP011,57445,19
ORD0228,26-05-2024,Monitor,East,SP011,71777,21
ORD0229,27-10-2024,Printer,North,SP002,77376,27
ORD0230,13-01-2024,Mobile,North,SP019,71915,21
ORD0231,06-04-2024,Printer,South,SP011,64577,9
ORD0232,20-03-2024,Mobile,West,SP001,20918,29
ORD0233,14-09-2024,Mobile,South,SP013,76575,28
ORD0234,10-10-2024,Mobile,East,SP001,42842,27
ORD0235,04-07-2024,Laptop,East,SP003,41332,13
ORD0236,09-02-2024,Printer,East,SP011,28269,13
ORD0237,04-11-2024,Printer,North,SP008,28657,20
ORD0238,25-10-2024,Tablet,West,SP017,65741,7
ORD0239,13-05-2024,Laptop,North,SP004,76716,10
ORD0240,27-08-2024,Printer,South,SP016,74774,19
ORD0241,29-02-2024,Tablet,East,SP004,47321,27
ORD0242,12-10-2024,Mobile,East,SP006,29890,14
ORD0243,15-11-2024,Laptop,East,SP007,71639,15
ORD0244,24-07-2024,Tablet,West,SP009,20039,29
ORD0245,02-10-2024,Tablet,North,SP015,70619,7
ORD0246,08-06-2024,Printer,West,SP007,40553,12
ORD0247,16-02-2024,Printer,West,SP005,30713,6
ORD0248,27-06-2024,Laptop,North,SP015,49126,27
ORD0249,21-12-2024,Monitor,East,SP019,70247,19
ORD0250,08-06-2024,Monitor,West,SP013,29204,22
ORD0251,23-07-2024,Mobile,East,SP020,67400,28
ORD0252,28-04-2024,Mobile,East,SP007,69696,9
ORD0253,27-08-2024,Printer,East,SP010,65462,8
ORD0254,02-02-2024,Printer,West,SP017,69732,18
ORD0255,09-05-2024,Printer,North,SP003,23706,7
ORD0256,11-06-2024,Mobile,North,SP007,62465,21
ORD0257,08-02-2024,Printer,North,SP006,73371,17
ORD0258,30-04-2024,Tablet,West,SP007,69596,26
ORD0259,15-05-2024,Printer,West,SP018,69938,6
ORD0260,05-09-2024,Tablet,South,SP016,57346,21
ORD0261,05-05-2024,Laptop,South,SP010,47387,6
ORD0262,20-07-2024,Printer,North,SP012,75336,26
ORD0263,17-04-2024,Mobile,East,SP018,53008,11
ORD0264,09-01-2024,Laptop,East,SP018,38308,26
ORD0265,18-12-2024,Laptop,North,SP017,63865,18
ORD0266,07-08-2024,Laptop,West,SP003,29735,11
ORD0267,22-01-2024,Laptop,West,SP017,34070,13
ORD0268,07-09-2024,Laptop,West,SP003,38596,17
ORD0269,22-02-2024,Tablet,West,SP007,39746,18
ORD0270,22-05-2024,Laptop,North,SP006,65378,19
ORD0271,02-05-2024,Mobile,North,SP001,64871,7
ORD0272,15-04-2024,Monitor,West,SP013,50906,25
ORD0273,31-08-2024,Laptop,East,SP019,62733,7
ORD0274,01-06-2024,Laptop,West,SP015,28190,14
ORD0275,15-10-2024,Laptop,South,SP007,35946,14
ORD0276,25-07-2024,Monitor,South,SP018,74543,21
ORD0277,04-08-2024,Tablet,North,SP002,71306,26
ORD0278,23-02-2024,Tablet,West,SP016,59071,24
ORD0279,21-02-2024,Mobile,North,SP020,63113,17
ORD0280,27-03-2024,Mobile,West,SP008,52076,29
ORD0281,18-06-2024,Tablet,West,SP009,39283,24
ORD0282,14-01-2024,Printer,West,SP004,32120,17
ORD0283,22-03-2024,Tablet,West,SP018,52317,29
ORD0284,26-07-2024,Tablet,East,SP015,72004,28
ORD0285,29-08-2024,Monitor,West,SP017,72946,8
ORD0286,28-01-2024,Laptop,South,SP017,62456,10
ORD0287,09-09-2024,Tablet,East,SP015,61012,5
ORD0288,26-09-2024,Laptop,North,SP020,34347,11
ORD0289,28-08-2024,Tablet,North,SP006,26936,25
ORD0290,19-01-2024,Printer,West,SP018,30661,14
ORD0291,27-03-2024,Tablet,South,SP010,52834,28
ORD0292,01-06-2024,Monitor,North,SP005,30681,9
ORD0293,20-11-2024,Tablet,South,SP015,64834,11
ORD0294,15-04-2024,Monitor,West,SP003,30134,28
ORD0295,24-12-2024,Laptop,East,SP008,26571,5
ORD0296,18-07-2024,Printer,North,SP003,39526,21
ORD0297,25-01-2024,Mobile,South,SP006,78792,24
ORD0298,28-03-2024,Printer,West,SP020,41852,18
ORD0299,20-06-2024,Mobile,East,SP012,39051,25
ORD0300,10-10-2024,Laptop,South,SP015,59980,13
ORD0301,10-03-2024,Printer,East,SP003,54735,16
ORD0302,13-11-2024,Printer,East,SP016,62211,27
ORD0303,05-03-2024,Laptop,South,SP015,63846,6
ORD0304,30-10-2024,Printer,South,SP007,54644,9
ORD0305,23-10-2024,Tablet,North,SP017,66688,11
ORD0306,09-08-2024,Mobile,West,SP012,74746,6
ORD0307,11-03-2024,Monitor,South,SP018,27420,30
ORD0308,08-06-2024,Printer,East,SP004,20029,7
ORD0309,06-12-2024,Mobile,West,SP008,22289,20
ORD0310,27-09-2024,Laptop,East,SP018,77356,9
ORD0311,22-10-2024,Mobile,South,SP014,20320,10
ORD0312,16-09-2024,Mobile,East,SP003,44834,24
ORD0313,14-03-2024,Laptop,South,SP010,66364,5
ORD0314,11-10-2024,Monitor,East,SP003,51491,17
ORD0315,13-06-2024,Laptop,South,SP002,70332,27
ORD0316,12-03-2024,Printer,East,SP003,47891,8
ORD0317,17-06-2024,Mobile,West,SP002,25193,15
ORD0318,05-10-2024,Mobile,West,SP003,23486,29
ORD0319,19-10-2024,Printer,North,SP011,32900,6
ORD0320,13-12-2024,Laptop,West,SP011,27620,30
ORD0321,28-03-2024,Monitor,West,SP012,39854,6
ORD0322,24-11-2024,Monitor,West,SP015,32521,13
ORD0323,11-09-2024,Laptop,North,SP016,48832,13
ORD0324,08-02-2024,Tablet,East,SP008,63000,25
ORD0325,21-08-2024,Printer,East,SP013,34804,11
ORD0326,31-12-2024,Tablet,West,SP009,29803,22
ORD0327,26-06-2024,Printer,West,SP020,35203,11
ORD0328,01-05-2024,Tablet,South,SP009,78330,29
ORD0329,14-12-2024,Printer,North,SP002,21799,23
ORD0330,18-09-2024,Laptop,South,SP015,60370,18
ORD0331,03-07-2024,Printer,East,SP018,38610,8
ORD0332,29-02-2024,Mobile,South,SP014,42694,13
ORD0333,03-02-2024,Monitor,West,SP020,64228,29
ORD0334,21-11-2024,Mobile,North,SP008,66105,11
ORD0335,10-01-2024,Mobile,North,SP018,60622,5
ORD0336,30-08-2024,Laptop,South,SP005,46078,19
ORD0337,12-09-2024,Monitor,West,SP009,31838,9
ORD0338,20-09-2024,Printer,North,SP004,73616,10
ORD0339,25-03-2024,Laptop,West,SP011,38036,15
ORD0340,29-02-2024,Tablet,North,SP002,58951,18
ORD0341,06-03-2024,Monitor,East,SP020,72390,29
ORD0342,02-10-2024,Printer,East,SP011,71648,20
ORD0343,21-10-2024,Mobile,South,SP002,41491,12
ORD0344,23-12-2024,Mobile,East,SP017,60237,7
ORD0345,03-06-2024,Tablet,East,SP002,22922,13
ORD0346,16-09-2024,Mobile,East,SP013,40098,12
ORD0347,17-05-2024,Printer,East,SP019,39462,25
ORD0348,11-09-2024,Monitor,North,SP016,66067,25
ORD0349,06-12-2024,Laptop,West,SP006,21984,14
ORD0350,03-01-2024,Mobile,North,SP017,38023,16
ORD0351,12-04-2024,Printer,East,SP011,30071,28
ORD0352,11-05-2024,Tablet,South,SP018,24919,7
ORD0353,13-01-2024,Tablet,West,SP017,59470,14
ORD0354,22-02-2024,Mobile,East,SP004,68209,26
ORD0355,18-02-2024,Monitor,West,SP009,60395,28
ORD0356,25-07-2024,Tablet,North,SP010,56307,23
ORD0357,16-05-2024,Mobile,North,SP019,40878,9
ORD0358,30-08-2024,Mobile,East,SP004,33958,27
ORD0359,04-06-2024,Printer,North,SP010,24470,17
ORD0360,21-04-2024,Monitor,East,SP006,78982,18
ORD0361,05-12-2024,Printer,East,SP018,53070,20
ORD0362,14-04-2024,Printer,North,SP001,52138,13
ORD0363,24-03-2024,Monitor,East,SP014,55365,7
ORD0364,04-09-2024,Laptop,West,SP005,62610,11
ORD0365,24-06-2024,Printer,North,SP013,68884,23
ORD0366,09-02-2024,Mobile,West,SP012,39900,8
ORD0367,27-05-2024,Mobile,North,SP018,44763,17
ORD0368,29-04-2024,Mobile,West,SP019,40924,7
ORD0369,21-08-2024,Laptop,East,SP020,24663,29
ORD0370,28-01-2024,Monitor,North,SP018,65130,17
ORD0371,15-11-2024,Mobile,East,SP005,61339,14
ORD0372,11-05-2024,Mobile,East,SP012,31161,23
ORD0373,20-10-2024,Laptop,North,SP014,66053,7
ORD0374,22-11-2024,Mobile,North,SP001,36411,23
ORD0375,29-05-2024,Monitor,North,SP019,45095,21
ORD0376,03-11-2024,Mobile,North,SP013,64613,9
ORD0377,03-06-2024,Mobile,West,SP001,56019,8
ORD0378,21-11-2024,Mobile,South,SP013,59447,9
ORD0379,18-08-2024,Printer,East,SP010,27795,27
ORD0380,01-11-2024,Mobile,West,SP010,24173,21
ORD0381,12-09-2024,Laptop,South,SP014,36183,20
ORD0382,05-01-2024,Printer,East,SP017,37995,12
ORD0383,19-05-2024,Printer,East,SP005,26939,18
ORD0384,21-07-2024,Printer,West,SP007,75700,22
ORD0385,17-04-2024,Monitor,South,SP013,67658,20
ORD0386,18-11-2024,Laptop,East,SP014,67823,15
ORD0387,13-05-2024,Tablet,North,SP020,71953,17
ORD0388,14-06-2024,Laptop,North,SP012,35669,28
ORD0389,21-12-2024,Mobile,West,SP003,53439,14
ORD0390,23-02-2024,Tablet,West,SP014,56604,14
ORD0391,31-03-2024,Laptop,East,SP020,40644,21
ORD0392,28-02-2024,Mobile,West,SP005,20454,11
ORD0393,05-03-2024,Printer,South,SP018,73735,25
ORD0394,11-05-2024,Monitor,West,SP006,35606,19
ORD0395,20-05-2024,Monitor,West,SP012,63447,28
ORD0396,05-01-2024,Printer,South,SP014,36068,21
ORD0397,07-01-2024,Monitor,West,SP005,20603,23
ORD0398,23-06-2024,Monitor,East,SP006,57920,13
ORD0399,04-07-2024,Tablet,East,SP008,70691,11
ORD0400,09-03-2024,Monitor,West,SP018,32015,23
ORD0401,14-07-2024,Laptop,South,SP016,44478,30
ORD0402,29-01-2024,Tablet,North,SP002,57908,12
ORD0403,12-06-2024,Printer,South,SP006,51375,25
ORD0404,27-04-2024,Tablet,East,SP004,49720,18
ORD0405,13-06-2024,Monitor,West,SP013,68406,14
ORD0406,01-05-2024,Monitor,North,SP009,43149,20
ORD0407,09-06-2024,Laptop,West,SP011,39128,24
ORD0408,12-01-2024,Laptop,East,SP003,67113,12
ORD0409,24-01-2024,Monitor,South,SP013,25622,27
ORD0410,21-10-2024,Printer,East,SP009,25106,23
ORD0411,23-03-2024,Mobile,South,SP018,71904,11
ORD0412,23-01-2024,Mobile,North,SP003,39496,15
ORD0413,07-11-2024,Monitor,East,SP010,33461,7
ORD0414,31-10-2024,Monitor,West,SP016,66033,12
ORD0415,06-01-2024,Tablet,West,SP010,77824,5
ORD0416,06-04-2024,Laptop,West,SP012,73821,26
ORD0417,28-11-2024,Tablet,East,SP017,25192,21
ORD0418,15-07-2024,Tablet,North,SP013,20122,21
ORD0419,08-11-2024,Printer,North,SP005,50501,8
ORD0420,24-09-2024,Tablet,North,SP007,54659,28
ORD0421,03-03-2024,Tablet,East,SP004,20532,9
ORD0422,27-12-2024,Laptop,South,SP008,58620,12
ORD0423,15-02-2024,Tablet,East,SP004,79325,6
ORD0424,11-05-2024,Tablet,South,SP004,57912,17
ORD0425,16-11-2024,Mobile,East,SP003,52442,13
ORD0426,31-12-2024,Tablet,South,SP016,27496,13
ORD0427,16-02-2024,Printer,West,SP018,76933,6
ORD0428,29-07-2024,Printer,West,SP001,22595,10
ORD0429,01-02-2024,Printer,North,SP004,77213,27
ORD0430,17-11-2024,Laptop,South,SP010,64738,16
ORD0431,31-07-2024,Printer,South,SP013,75866,16
ORD0432,06-11-2024,Tablet,West,SP018,44867,17
ORD0433,24-11-2024,Tablet,South,SP003,42531,14
ORD0434,23-08-2024,Printer,West,SP006,46514,29
ORD0435,10-05-2024,Printer,North,SP007,66454,8
ORD0436,26-08-2024,Monitor,East,SP020,56875,15
ORD0437,01-10-2024,Mobile,West,SP007,63745,29
ORD0438,23-09-2024,Monitor,West,SP005,75781,18
ORD0439,11-02-2024,Mobile,South,SP010,57688,6
ORD0440,19-09-2024,Printer,East,SP012,30616,28
ORD0441,14-12-2024,Printer,South,SP003,77843,20
ORD0442,01-08-2024,Tablet,North,SP015,76487,6
ORD0443,19-10-2024,Monitor,East,SP006,25317,21
ORD0444,09-02-2024,Tablet,West,SP008,46317,8
ORD0445,08-06-2024,Monitor,East,SP003,65891,25
ORD0446,07-12-2024,Printer,East,SP019,34645,10
ORD0447,29-07-2024,Laptop,East,SP005,58324,7
ORD0448,23-10-2024,Printer,North,SP003,50560,22
ORD0449,04-04-2024,Tablet,West,SP015,78226,30
ORD0450,30-08-2024,Printer,West,SP016,60832,6
ORD0451,09-11-2024,Tablet,South,SP013,28165,14
ORD0452,03-09-2024,Tablet,East,SP002,24139,16
ORD0453,10-02-2024,Tablet,South,SP020,30176,10
ORD0454,31-07-2024,Laptop,East,SP007,48152,23
ORD0455,30-05-2024,Tablet,North,SP008,22744,30
ORD0456,23-06-2024,Laptop,West,SP011,51721,8
ORD0457,11-07-2024,Printer,South,SP009,56994,25
ORD0458,18-05-2024,Tablet,South,SP009,35361,18
ORD0459,28-06-2024,Laptop,South,SP019,46991,21
ORD0460,20-08-2024,Monitor,North,SP009,31425,6
ORD0461,03-05-2024,Printer,East,SP010,59699,10
ORD0462,05-05-2024,Monitor,North,SP004,29992,7
ORD0463,10-04-2024,Tablet,South,SP008,59945,28
ORD0464,03-05-2024,Mobile,South,SP011,42170,19
ORD0465,02-06-2024,Printer,North,SP019,34741,25
ORD0466,10-06-2024,Printer,North,SP003,35010,28
ORD0467,05-08-2024,Laptop,South,SP002,54691,30
ORD0468,26-02-2024,Monitor,West,SP018,54478,15
ORD0469,03-04-2024,Monitor,West,SP002,20499,7
ORD0470,05-05-2024,Monitor,South,SP006,75356,23
ORD0471,15-03-2024,Laptop,South,SP015,51616,24
ORD0472,15-09-2024,Tablet,West,SP016,45963,13
ORD0473,22-12-2024,Monitor,South,SP001,78336,28
ORD0474,26-12-2024,Monitor,South,SP014,52090,17
ORD0475,26-09-2024,Monitor,North,SP010,79458,5
ORD0476,06-02-2024,Laptop,East,SP007,46516,10
ORD0477,02-04-2024,Mobile,North,SP003,78283,18
ORD0478,29-10-2024,Printer,West,SP003,51284,13
ORD0479,11-01-2024,Tablet,East,SP014,30853,22
ORD0480,17-12-2024,Printer,West,SP017,69365,9
ORD0481,12-04-2024,Monitor,West,SP010,36638,26
ORD0482,11-02-2024,Mobile,East,SP016,59382,13
ORD0483,01-11-2024,Printer,North,SP011,21714,5
ORD0484,19-06-2024,Laptop,East,SP008,58007,7
ORD0485,08-12-2024,Tablet,East,SP019,26395,29
ORD0486,16-12-2024,Tablet,South,SP006,22290,21
ORD0487,16-12-2024,Tablet,East,SP008,55687,26
ORD0488,15-12-2024,Laptop,North,SP010,70053,18
ORD0489,23-04-2024,Mobile,North,SP009,77275,25
ORD0490,18-06-2024,Mobile,South,SP017,77103,23
ORD0491,20-02-2024,Mobile,East,SP007,56905,20
ORD0492,05-05-2024,Mobile,South,SP005,45102,27
ORD0493,06-12-2024,Tablet,South,SP020,59950,18
ORD0494,29-04-2024,Laptop,West,SP019,38600,24
ORD0495,24-10-2024,Laptop,West,SP020,33820,29
ORD0496,15-03-2024,Mobile,West,SP015,34031,24
ORD0497,31-05-2024,Tablet,East,SP018,54824,15
ORD0498,01-10-2024,Monitor,West,SP003,41349,21
ORD0499,21-11-2024,Mobile,North,SP020,73693,22
ORD0500,22-03-2024,Printer,West,SP005,56099,10
ORD0501,20-01-2024,Mobile,North,SP018,39046,28
ORD0502,03-04-2024,Tablet,East,SP005,29371,10
ORD0503,01-08-2024,Monitor,North,SP005,67308,20
ORD0504,12-07-2024,Mobile,South,SP002,26723,17
ORD0505,24-11-2024,Printer,East,SP012,59463,10
ORD0506,17-01-2024,Tablet,West,SP018,79618,11
ORD0507,23-02-2024,Monitor,West,SP019,42387,18
ORD0508,14-08-2024,Printer,North,SP001,22748,15
ORD0509,18-10-2024,Mobile,East,SP018,75364,18
ORD0510,24-01-2024,Mobile,North,SP020,25936,21
ORD0511,08-12-2024,Mobile,North,SP010,65849,10
ORD0512,04-09-2024,Printer,South,SP005,49094,12
ORD0513,20-05-2024,Tablet,West,SP004,23418,7
ORD0514,24-03-2024,Tablet,South,SP004,52097,6
ORD0515,28-09-2024,Monitor,East,SP018,72637,21
ORD0516,30-05-2024,Laptop,West,SP006,24080,21
ORD0517,30-08-2024,Mobile,East,SP004,33335,23
ORD0518,29-05-2024,Monitor,North,SP014,33733,7
ORD0519,29-11-2024,Mobile,East,SP003,58778,19
ORD0520,08-05-2024,Laptop,West,SP005,68832,17
ORD0521,21-07-2024,Laptop,North,SP007,26353,12
ORD0522,01-03-2024,Printer,East,SP018,60836,7
ORD0523,04-05-2024,Monitor,North,SP013,57983,21
ORD0524,23-06-2024,Mobile,West,SP020,54140,18
ORD0525,24-07-2024,Tablet,West,SP006,60086,5
ORD0526,29-05-2024,Printer,West,SP014,26669,13
ORD0527,08-07-2024,Mobile,North,SP008,45674,14
ORD0528,26-09-2024,Mobile,South,SP014,70412,10
ORD0529,29-10-2024,Laptop,South,SP016,53229,30
ORD0530,12-08-2024,Tablet,West,SP008,77620,29
ORD0531,07-03-2024,Mobile,North,SP010,22498,21
ORD0532,16-09-2024,Printer,North,SP013,24149,20
ORD0533,06-09-2024,Mobile,West,SP013,56965,30
ORD0534,31-12-2024,Tablet,West,SP016,52159,7
ORD0535,06-01-2024,Printer,West,SP015,35584,8
ORD0536,10-05-2024,Printer,North,SP010,30554,16
ORD0537,06-07-2024,Monitor,West,SP002,28969,16
ORD0538,14-06-2024,Mobile,South,SP005,68808,21
ORD0539,22-02-2024,Monitor,South,SP014,49000,14
ORD0540,30-07-2024,Tablet,South,SP016,56577,6
ORD0541,15-03-2024,Mobile,West,SP016,50150,25
ORD0542,12-12-2024,Printer,East,SP015,36533,27
ORD0543,29-09-2024,Monitor,North,SP009,79220,15
ORD0544,22-03-2024,Printer,North,SP005,79291,21
ORD0545,05-01-2024,Mobile,North,SP014,37717,11
ORD0546,23-03-2024,Laptop,West,SP013,54402,24
ORD0547,08-11-2024,Printer,East,SP015,42140,14
ORD0548,19-06-2024,Monitor,South,SP019,21795,16
ORD0549,30-08-2024,Printer,North,SP017,33688,17
ORD0550,11-05-2024,Monitor,South,SP014,77837,12
ORD0551,23-06-2024,Mobile,North,SP011,29435,5
ORD0552,24-04-2024,Mobile,North,SP009,54045,28
ORD0553,30-03-2024,Laptop,East,SP001,72018,15
ORD0554,19-07-2024,Laptop,South,SP005,50244,21
ORD0555,04-11-2024,Printer,East,SP006,26175,13
ORD0556,24-07-2024,Tablet,North,SP011,20730,29
ORD0557,02-05-2024,Tablet,North,SP015,40564,19
ORD0558,31-07-2024,Tablet,North,SP011,31457,17
ORD0559,03-07-2024,Printer,East,SP013,44478,12
ORD0560,07-09-2024,Laptop,East,SP001,30562,29
ORD0561,20-01-2024,Printer,South,SP003,63361,15
ORD0562,19-10-2024,Mobile,South,SP003,75959,20
ORD0563,14-11-2024,Monitor,East,SP007,78836,11
ORD0564,15-06-2024,Monitor,South,SP004,30704,18
ORD0565,14-01-2024,Printer,East,SP002,30927,20
ORD0566,03-01-2024,Tablet,East,SP011,55521,29
ORD0567,16-09-2024,Mobile,North,SP005,53953,29
ORD0568,01-01-2024,Tablet,East,SP003,47572,23
ORD0569,20-08-2024,Printer,South,SP010,75725,24
ORD0570,13-08-2024,Tablet,East,SP012,36754,24
ORD0571,05-07-2024,Printer,West,SP013,39345,25
ORD0572,03-05-2024,Tablet,South,SP014,40620,7
ORD0573,25-12-2024,Mobile,West,SP009,67739,26
ORD0574,20-11-2024,Laptop,South,SP015,72773,5
ORD0575,01-10-2024,Laptop,South,SP017,37313,10
ORD0576,19-04-2024,Mobile,South,SP004,64761,22
ORD0577,25-04-2024,Printer,West,SP002,34982,13
ORD0578,19-02-2024,Laptop,North,SP004,44758,29
ORD0579,31-03-2024,Laptop,North,SP002,57668,7
ORD0580,31-10-2024,Monitor,South,SP014,60652,6
ORD0581,24-11-2024,Printer,South,SP012,57095,24
ORD0582,09-12-2024,Laptop,South,SP004,27996,15
ORD0583,02-01-2024,Laptop,West,SP015,49033,24
ORD0584,08-02-2024,Printer,East,SP002,30231,5
ORD0585,23-02-2024,Mobile,North,SP005,54886,5
ORD0586,13-05-2024,Monitor,West,SP009,26266,8
ORD0587,29-05-2024,Monitor,East,SP004,26357,27
ORD0588,21-07-2024,Tablet,East,SP004,25355,25
ORD0589,11-03-2024,Mobile,South,SP003,47958,24
ORD0590,30-03-2024,Printer,North,SP006,63157,26
ORD0591,04-01-2024,Mobile,North,SP020,43992,5
ORD0592,22-10-2024,Monitor,East,SP010,60949,16
ORD0593,29-02-2024,Mobile,East,SP004,56167,8
ORD0594,27-06-2024,Tablet,West,SP008,24544,8
ORD0595,25-10-2024,Mobile,North,SP018,56619,16
ORD0596,25-06-2024,Mobile,West,SP018,56520,13
ORD0597,25-02-2024,Monitor,East,SP008,58647,22
ORD0598,26-08-2024,Laptop,West,SP007,51273,8
ORD0599,04-09-2024,Tablet,East,SP010,24167,18
ORD0600,05-09-2024,Tablet,East,SP018,56469,15
ORD0601,10-04-2024,Tablet,West,SP004,21135,5
ORD0602,02-09-2024,Laptop,North,SP008,73818,28
ORD0603,18-08-2024,Mobile,West,SP008,47415,17
ORD0604,14-07-2024,Printer,West,SP011,60383,12
ORD0605,30-10-2024,Laptop,North,SP005,54200,25
ORD0606,21-03-2024,Mobile,South,SP009,70013,20
ORD0607,07-04-2024,Printer,South,SP008,36734,6
ORD0608,06-11-2024,Laptop,North,SP009,59505,24
ORD0609,20-09-2024,Tablet,West,SP018,46351,13
ORD0610,08-02-2024,Mobile,South,SP013,37140,25
ORD0611,17-11-2024,Monitor,North,SP007,50477,13
ORD0612,23-10-2024,Monitor,South,SP004,57812,22
ORD0613,22-09-2024,Tablet,West,SP009,23783,15
ORD0614,28-03-2024,Printer,North,SP018,27251,30
ORD0615,15-06-2024,Monitor,West,SP019,66746,19
ORD0616,18-05-2024,Printer,South,SP019,63842,29
ORD0617,04-04-2024,Mobile,North,SP016,61731,23
ORD0618,02-02-2024,Mobile,North,SP001,56165,21
ORD0619,18-04-2024,Tablet,East,SP019,55497,22
ORD0620,02-11-2024,Laptop,South,SP019,51577,6
ORD0621,21-12-2024,Mobile,North,SP007,55098,26
ORD0622,03-09-2024,Mobile,North,SP003,70457,25
ORD0623,14-02-2024,Laptop,East,SP013,63919,20
ORD0624,07-11-2024,Laptop,East,SP009,51173,29
ORD0625,27-10-2024,Tablet,North,SP009,25506,13
ORD0626,21-12-2024,Monitor,West,SP014,42853,20
ORD0627,11-04-2024,Printer,East,SP008,23817,13
ORD0628,04-03-2024,Printer,West,SP009,43247,13
ORD0629,25-01-2024,Laptop,East,SP014,74380,21
ORD0630,28-01-2024,Monitor,West,SP016,31467,23
ORD0631,17-04-2024,Tablet,North,SP017,51604,30
ORD0632,08-03-2024,Tablet,South,SP006,33849,18
ORD0633,03-05-2024,Monitor,West,SP010,55927,24
ORD0634,09-08-2024,Monitor,East,SP013,40350,10
ORD0635,09-04-2024,Laptop,South,SP020,46346,9
ORD0636,24-12-2024,Mobile,South,SP005,28375,13
ORD0637,24-01-2024,Laptop,South,SP008,21626,26
ORD0638,04-06-2024,Monitor,North,SP006,44367,25
ORD0639,03-07-2024,Tablet,East,SP017,24264,29
ORD0640,13-03-2024,Laptop,West,SP009,24587,30
ORD0641,17-03-2024,Tablet,West,SP011,24097,6
ORD0642,14-07-2024,Monitor,North,SP010,59903,9
ORD0643,19-11-2024,Laptop,South,SP009,58499,13
ORD0644,21-03-2024,Monitor,South,SP008,61649,20
ORD0645,10-05-2024,Tablet,South,SP011,32437,6
ORD0646,26-09-2024,Tablet,East,SP009,29676,15
ORD0647,04-04-2024,Mobile,West,SP008,56992,30
ORD0648,24-08-2024,Laptop,South,SP008,32358,5
ORD0649,19-07-2024,Tablet,West,SP014,50638,6
ORD0650,02-07-2024,Monitor,South,SP007,39401,6
ORD0651,24-06-2024,Monitor,North,SP006,31602,30
ORD0652,01-05-2024,Printer,West,SP009,77611,6
ORD0653,29-03-2024,Printer,North,SP007,79921,20
ORD0654,07-10-2024,Monitor,East,SP006,76504,15
ORD0655,02-06-2024,Tablet,North,SP004,59038,9
ORD0656,28-09-2024,Monitor,East,SP020,73272,5
ORD0657,08-09-2024,Printer,South,SP006,56798,21
ORD0658,08-10-2024,Monitor,West,SP009,28200,30
ORD0659,13-10-2024,Mobile,South,SP013,75937,28
ORD0660,03-09-2024,Printer,North,SP016,55273,7
ORD0661,18-06-2024,Tablet,South,SP010,20687,12
ORD0662,22-04-2024,Mobile,West,SP013,40070,15
ORD0663,19-07-2024,Laptop,North,SP016,52058,24
ORD0664,28-12-2024,Mobile,West,SP018,53007,28
ORD0665,25-02-2024,Printer,South,SP005,36345,23
ORD0666,13-04-2024,Laptop,West,SP005,37512,24
ORD0667,17-04-2024,Tablet,East,SP020,79089,28
ORD0668,11-05-2024,Printer,East,SP013,57359,28
ORD0669,17-04-2024,Laptop,West,SP006,37459,29
ORD0670,05-04-2024,Monitor,South,SP007,23317,23
ORD0671,25-11-2024,Monitor,East,SP001,39568,14
ORD0672,11-12-2024,Printer,West,SP012,62618,11
ORD0673,23-06-2024,Laptop,South,SP004,41075,29
ORD0674,21-01-2024,Printer,South,SP002,42421,18
ORD0675,04-04-2024,Printer,East,SP009,55316,21
ORD0676,27-08-2024,Printer,West,SP017,43169,24
ORD0677,13-06-2024,Laptop,East,SP013,77859,30
ORD0678,18-01-2024,Printer,East,SP002,36542,27
ORD0679,13-09-2024,Monitor,West,SP017,55541,10
ORD0680,11-07-2024,Printer,North,SP018,75467,14
ORD0681,19-01-2024,Printer,West,SP017,34056,23
ORD0682,23-06-2024,Tablet,East,SP002,20351,9
ORD0683,15-09-2024,Mobile,East,SP016,75336,15
ORD0684,16-09-2024,Mobile,South,SP001,60498,28
ORD0685,04-09-2024,Mobile,East,SP009,31522,20
ORD0686,25-08-2024,Printer,South,SP015,33895,14
ORD0687,16-01-2024,Tablet,East,SP018,38729,8
ORD0688,05-12-2024,Laptop,East,SP001,52437,19
ORD0689,30-09-2024,Mobile,East,SP007,26214,18
ORD0690,10-04-2024,Laptop,West,SP016,46718,13
ORD0691,20-02-2024,Tablet,West,SP004,57451,14
ORD0692,30-05-2024,Printer,South,SP011,49295,25
ORD0693,16-04-2024,Tablet,East,SP004,61096,23
ORD0694,07-06-2024,Laptop,South,SP011,79025,23
ORD0695,07-12-2024,Printer,East,SP002,39321,26
ORD0696,26-11-2024,Tablet,East,SP004,63795,15
ORD0697,22-10-2024,Mobile,South,SP018,42639,12
ORD0698,12-06-2024,Monitor,East,SP003,36274,10
ORD0699,06-07-2024,Tablet,West,SP020,20888,14
ORD0700,14-11-2024,Printer,North,SP004,45672,9
ORD0701,04-10-2024,Monitor,North,SP002,33173,12
ORD0702,05-10-2024,Printer,East,SP018,44884,20
ORD0703,20-06-2024,Tablet,South,SP004,66828,23
ORD0704,10-06-2024,Tablet,North,SP017,36842,29
ORD0705,21-10-2024,Printer,West,SP011,34750,7
ORD0706,24-03-2024,Monitor,North,SP003,44452,22
ORD0707,13-12-2024,Laptop,East,SP013,52647,28
ORD0708,17-07-2024,Laptop,West,SP013,36787,13
ORD0709,16-07-2024,Laptop,West,SP016,71864,14
ORD0710,30-05-2024,Mobile,East,SP011,70987,5
ORD0711,29-12-2024,Mobile,East,SP012,38909,18
ORD0712,24-01-2024,Mobile,South,SP010,31758,26
ORD0713,14-04-2024,Monitor,South,SP013,56225,26
ORD0714,17-01-2024,Monitor,West,SP014,46974,22
ORD0715,06-06-2024,Tablet,East,SP008,79848,9
ORD0716,22-09-2024,Tablet,North,SP013,48990,24
ORD0717,26-09-2024,Monitor,East,SP016,47261,26
ORD0718,08-05-2024,Printer,West,SP013,73869,21
ORD0719,27-10-2024,Printer,West,SP017,21127,8
ORD0720,29-08-2024,Tablet,East,SP005,62003,28
ORD0721,01-01-2024,Tablet,North,SP012,32226,28
ORD0722,27-08-2024,Tablet,South,SP015,79368,25
ORD0723,04-10-2024,Monitor,South,SP009,76817,23
ORD0724,09-07-2024,Printer,East,SP004,70257,18
ORD0725,22-03-2024,Monitor,West,SP005,51593,21
ORD0726,01-03-2024,Laptop,North,SP006,79456,15
ORD0727,01-12-2024,Laptop,North,SP013,74456,26
ORD0728,04-05-2024,Laptop,West,SP005,78458,23
ORD0729,24-05-2024,Laptop,South,SP014,63495,20
ORD0730,20-09-2024,Laptop,East,SP019,79979,27
ORD0731,21-11-2024,Laptop,North,SP004,58206,27
ORD0732,12-08-2024,Monitor,West,SP020,32962,22
ORD0733,27-01-2024,Printer,South,SP017,58435,6
ORD0734,07-03-2024,Tablet,East,SP018,75114,9
ORD0735,20-08-2024,Printer,North,SP003,51219,24
ORD0736,15-07-2024,Laptop,West,SP005,74958,25
ORD0737,27-08-2024,Monitor,West,SP012,38881,22
ORD0738,14-08-2024,Laptop,West,SP011,24744,19
ORD0739,27-07-2024,Laptop,East,SP018,70533,9
ORD0740,20-02-2024,Laptop,West,SP007,43501,9
ORD0741,15-05-2024,Printer,East,SP014,79912,27
ORD0742,17-12-2024,Printer,West,SP001,52839,5
ORD0743,10-02-2024,Mobile,East,SP006,67692,25
ORD0744,02-02-2024,Printer,South,SP001,55824,11
ORD0745,21-09-2024,Mobile,West,SP004,66715,14
ORD0746,30-08-2024,Laptop,East,SP014,24272,12
ORD0747,21-06-2024,Tablet,North,SP009,23069,27
ORD0748,26-01-2024,Mobile,South,SP016,75195,13
ORD0749,14-11-2024,Monitor,East,SP015,23802,25
ORD0750,21-03-2024,Laptop,South,SP003,75660,30
ORD0751,15-12-2024,Laptop,South,SP010,75814,5
ORD0752,26-06-2024,Laptop,East,SP013,50338,19
ORD0753,23-02-2024,Monitor,South,SP015,34661,7
ORD0754,07-07-2024,Printer,East,SP019,64210,7
ORD0755,25-04-2024,Laptop,West,SP005,67109,19
ORD0756,06-06-2024,Tablet,East,SP017,24648,9
ORD0757,22-02-2024,Mobile,East,SP010,56009,12
ORD0758,29-02-2024,Mobile,East,SP015,40024,26
ORD0759,01-10-2024,Tablet,East,SP018,21619,24
ORD0760,27-01-2024,Tablet,North,SP015,77317,19
ORD0761,28-12-2024,Tablet,North,SP001,24170,30
ORD0762,15-09-2024,Tablet,East,SP006,62929,24
ORD0763,12-06-2024,Printer,East,SP014,45230,25
ORD0764,14-02-2024,Printer,North,SP012,74321,21
ORD0765,18-11-2024,Printer,South,SP007,78148,20
ORD0766,16-11-2024,Monitor,East,SP014,36840,19
ORD0767,25-07-2024,Tablet,North,SP003,59498,14
ORD0768,03-12-2024,Tablet,West,SP012,56590,26
ORD0769,05-07-2024,Tablet,South,SP010,73592,20
ORD0770,25-11-2024,Printer,East,SP001,68215,12
ORD0771,09-09-2024,Laptop,North,SP003,45024,6
ORD0772,18-03-2024,Laptop,North,SP006,47293,26
ORD0773,23-08-2024,Monitor,East,SP019,26789,8
ORD0774,31-10-2024,Mobile,East,SP020,79115,21
ORD0775,26-02-2024,Monitor,East,SP013,60757,17
ORD0776,10-06-2024,Monitor,East,SP013,20045,27
ORD0777,01-07-2024,Monitor,West,SP011,73787,23
ORD0778,16-08-2024,Tablet,West,SP014,62688,29
ORD0779,19-02-2024,Monitor,East,SP002,37891,13
ORD0780,14-02-2024,Monitor,West,SP014,48685,5
ORD0781,26-01-2024,Laptop,East,SP017,76605,26
ORD0782,16-12-2024,Tablet,East,SP017,38424,7
ORD0783,01-04-2024,Tablet,West,SP006,52425,15
ORD0784,17-06-2024,Laptop,South,SP006,31681,17
ORD0785,28-01-2024,Laptop,East,SP011,25880,13
ORD0786,16-02-2024,Mobile,North,SP016,74458,17
ORD0787,20-05-2024,Mobile,West,SP006,74394,27
ORD0788,22-05-2024,Laptop,South,SP009,33826,30
ORD0789,06-01-2024,Mobile,South,SP004,58706,5
ORD0790,16-11-2024,Printer,East,SP006,41768,14
ORD0791,26-07-2024,Printer,East,SP003,41694,23
ORD0792,13-11-2024,Laptop,South,SP015,29281,20
ORD0793,28-07-2024,Mobile,West,SP003,72822,8
ORD0794,18-10-2024,Tablet,South,SP010,28346,18
ORD0795,15-02-2024,Laptop,North,SP009,42851,27
ORD0796,26-11-2024,Mobile,East,SP006,79978,12
ORD0797,15-11-2024,Monitor,West,SP002,76349,18
ORD0798,25-05-2024,Monitor,South,SP009,55575,5
ORD0799,23-05-2024,Tablet,East,SP007,74395,27
ORD0800,27-01-2024,Printer,West,SP018,57633,18
ORD0801,12-09-2024,Printer,South,SP005,43222,23
ORD0802,16-06-2024,Printer,East,SP014,52048,13
ORD0803,30-08-2024,Laptop,East,SP011,35888,27
ORD0804,19-05-2024,Laptop,East,SP020,38711,25
ORD0805,20-01-2024,Monitor,North,SP003,53342,24
ORD0806,30-06-2024,Monitor,South,SP016,32393,27
ORD0807,24-07-2024,Tablet,South,SP002,21501,10
ORD0808,14-10-2024,Monitor,West,SP015,46285,14
ORD0809,24-02-2024,Monitor,East,SP012,54065,23
ORD0810,21-02-2024,Laptop,North,SP004,36607,25
ORD0811,14-01-2024,Monitor,West,SP004,70882,27
ORD0812,23-09-2024,Printer,East,SP004,29831,18
ORD0813,31-12-2024,Printer,South,SP016,33762,27
ORD0814,01-06-2024,Printer,North,SP019,54889,15
ORD0815,21-08-2024,Tablet,South,SP003,60234,25
ORD0816,06-12-2024,Monitor,East,SP011,41522,27
ORD0817,18-05-2024,Laptop,North,SP006,59532,18
ORD0818,27-11-2024,Laptop,West,SP012,63607,5
ORD0819,25-09-2024,Printer,North,SP018,20930,27
ORD0820,06-12-2024,Monitor,West,SP016,40723,14
ORD0821,21-12-2024,Tablet,South,SP010,71237,17
ORD0822,03-02-2024,Laptop,East,SP002,29630,12
ORD0823,12-12-2024,Mobile,South,SP015,67057,6
ORD0824,20-07-2024,Monitor,East,SP002,63282,16
ORD0825,05-07-2024,Laptop,North,SP011,69741,28
ORD0826,18-05-2024,Tablet,South,SP007,57284,12
ORD0827,07-11-2024,Tablet,South,SP006,61480,22
ORD0828,28-09-2024,Mobile,North,SP006,74475,21
ORD0829,13-07-2024,Printer,East,SP018,59188,23
ORD0830,18-10-2024,Mobile,North,SP006,50425,8
ORD0831,27-07-2024,Tablet,East,SP005,33530,16
ORD0832,27-05-2024,Monitor,West,SP017,63020,11
ORD0833,24-05-2024,Monitor,East,SP008,22371,24
ORD0834,03-01-2024,Mobile,West,SP005,71294,22
ORD0835,09-07-2024,Monitor,South,SP020,24974,29
ORD0836,13-11-2024,Monitor,East,SP008,36073,30
ORD0837,03-11-2024,Laptop,West,SP006,67956,26
ORD0838,22-04-2024,Monitor,South,SP001,57983,25
ORD0839,26-04-2024,Laptop,North,SP003,29066,13
ORD0840,10-06-2024,Monitor,East,SP005,70126,30
ORD0841,26-04-2024,Laptop,North,SP004,59719,20
ORD0842,03-05-2024,Monitor,West,SP001,39975,26
ORD0843,09-06-2024,Printer,East,SP010,35921,27
ORD0844,12-12-2024,Mobile,East,SP018,50498,23
ORD0845,08-05-2024,Printer,North,SP012,64241,7
ORD0846,27-01-2024,Printer,South,SP020,32095,16
ORD0847,03-10-2024,Printer,North,SP008,40983,28
ORD0848,12-06-2024,Printer,East,SP017,59145,23
ORD0849,24-01-2024,Tablet,West,SP015,47615,21
ORD0850,30-10-2024,Printer,East,SP003,62998,22
ORD0851,18-11-2024,Laptop,East,SP020,65801,18
ORD0852,06-01-2024,Monitor,West,SP018,71110,5
ORD0853,05-06-2024,Tablet,North,SP007,70899,21
ORD0854,30-11-2024,Tablet,West,SP002,23881,24
ORD0855,08-05-2024,Mobile,South,SP004,36138,29
ORD0856,31-01-2024,Printer,South,SP006,22789,22
ORD0857,24-04-2024,Printer,North,SP004,34498,9
ORD0858,23-04-2024,Mobile,South,SP008,40177,18
ORD0859,11-06-2024,Laptop,North,SP002,54508,12
ORD0860,29-08-2024,Monitor,South,SP012,73896,26
ORD0861,19-06-2024,Mobile,North,SP015,37283,19
ORD0862,06-04-2024,Printer,South,SP006,61598,23
ORD0863,18-05-2024,Laptop,West,SP009,52582,27
ORD0864,13-02-2024,Laptop,East,SP014,48748,17
ORD0865,22-01-2024,Laptop,East,SP020,25528,13
ORD0866,23-05-2024,Tablet,East,SP013,42298,26
ORD0867,17-08-2024,Printer,South,SP011,49836,15
ORD0868,14-01-2024,Tablet,East,SP015,51626,18
ORD0869,20-02-2024,Mobile,South,SP002,28083,18
ORD0870,21-01-2024,Monitor,South,SP004,27328,14
ORD0871,27-03-2024,Tablet,West,SP018,65666,30
ORD0872,08-10-2024,Tablet,East,SP010,31830,23
ORD0873,09-11-2024,Printer,East,SP003,53231,11
ORD0874,21-10-2024,Mobile,West,SP020,22072,28
ORD0875,24-11-2024,Laptop,East,SP016,58254,18
ORD0876,05-06-2024,Monitor,South,SP015,33020,22
ORD0877,01-01-2024,Printer,West,SP015,31072,9
ORD0878,22-07-2024,Laptop,South,SP005,72686,7
ORD0879,08-10-2024,Laptop,North,SP010,56217,28
ORD0880,26-06-2024,Tablet,East,SP006,69096,20
ORD0881,17-12-2024,Laptop,North,SP018,45832,24
ORD0882,24-10-2024,Tablet,East,SP003,57457,25
ORD0883,07-01-2024,Tablet,West,SP002,26365,15
ORD0884,04-01-2024,Laptop,North,SP012,68335,22
ORD0885,09-07-2024,Tablet,West,SP016,20289,18
ORD0886,11-03-2024,Tablet,South,SP007,26186,8
ORD0887,21-07-2024,Printer,East,SP014,44186,27
ORD0888,14-07-2024,Tablet,South,SP018,39703,24
ORD0889,06-01-2024,Tablet,East,SP019,53523,25
ORD0890,07-05-2024,Tablet,West,SP008,47301,24
ORD0891,26-12-2024,Tablet,South,SP012,66053,10
ORD0892,14-04-2024,Tablet,West,SP011,29846,11
ORD0893,10-03-2024,Monitor,West,SP018,48434,9
ORD0894,31-10-2024,Printer,South,SP010,43761,26
ORD0895,21-09-2024,Laptop,South,SP004,44447,17
ORD0896,04-12-2024,Tablet,South,SP017,69770,18
ORD0897,25-05-2024,Laptop,South,SP020,58806,30
ORD0898,01-09-2024,Mobile,West,SP006,20800,12
ORD0899,03-09-2024,Printer,East,SP003,31811,30
ORD0900,28-05-2024,Monitor,South,SP008,33097,18
ORD0901,13-06-2024,Laptop,East,SP007,57544,21
ORD0902,05-07-2024,Tablet,South,SP008,27849,25
ORD0903,08-07-2024,Laptop,West,SP009,46783,10
ORD0904,16-05-2024,Laptop,West,SP008,47318,25
ORD0905,01-04-2024,Tablet,North,SP002,39805,22
ORD0906,15-08-2024,Mobile,South,SP010,56911,14
ORD0907,25-01-2024,Printer,North,SP006,61189,10
ORD0908,10-10-2024,Printer,East,SP003,23659,20
ORD0909,10-11-2024,Mobile,West,SP012,25660,8
ORD0910,29-08-2024,Tablet,North,SP015,67192,30
ORD0911,24-05-2024,Laptop,East,SP001,44979,24
ORD0912,24-10-2024,Laptop,South,SP009,42953,9
ORD0913,16-07-2024,Tablet,East,SP019,32219,7
ORD0914,30-12-2024,Laptop,South,SP013,53507,29
ORD0915,18-06-2024,Laptop,West,SP013,57929,12
ORD0916,15-07-2024,Mobile,East,SP014,38522,16
ORD0917,26-01-2024,Monitor,South,SP005,33910,6
ORD0918,26-01-2024,Laptop,West,SP004,40900,27
ORD0919,22-01-2024,Printer,North,SP015,66845,28
ORD0920,12-10-2024,Mobile,West,SP007,56976,8
ORD0921,25-10-2024,Mobile,East,SP013,78898,24
ORD0922,17-10-2024,Monitor,West,SP015,52600,12
ORD0923,27-05-2024,Printer,North,SP019,40776,19
ORD0924,11-02-2024,Printer,East,SP009,21507,28
ORD0925,12-03-2024,Mobile,West,SP007,62865,8
ORD0926,15-04-2024,Laptop,South,SP002,53348,14
ORD0927,16-08-2024,Monitor,West,SP006,67677,12
ORD0928,05-02-2024,Tablet,South,SP019,57879,29
ORD0929,23-09-2024,Printer,West,SP015,72873,25
ORD0930,01-11-2024,Tablet,South,SP009,78560,15
ORD0931,19-08-2024,Laptop,North,SP009,79342,29
ORD0932,08-06-2024,Printer,South,SP016,60666,7
ORD0933,17-06-2024,Mobile,West,SP016,56961,22
ORD0934,26-06-2024,Laptop,North,SP004,35295,16
ORD0935,18-03-2024,Printer,North,SP009,24823,14
ORD0936,07-03-2024,Monitor,North,SP005,23689,17
ORD0937,30-07-2024,Mobile,West,SP013,33805,13
ORD0938,05-12-2024,Monitor,South,SP008,45593,10
ORD0939,31-12-2024,Monitor,South,SP010,30542,10
ORD0940,24-07-2024,Monitor,South,SP013,78216,13
ORD0941,12-02-2024,Laptop,North,SP005,30244,18
ORD0942,02-10-2024,Laptop,West,SP009,26747,30
ORD0943,23-12-2024,Tablet,East,SP014,58649,28
ORD0944,30-09-2024,Printer,West,SP009,63332,7
ORD0945,20-07-2024,Printer,South,SP001,51027,11
ORD0946,31-03-2024,Monitor,South,SP004,43553,28
ORD0947,07-09-2024,Monitor,North,SP016,20619,26
ORD0948,13-01-2024,Mobile,South,SP003,78088,13
ORD0949,29-02-2024,Monitor,East,SP008,71920,16
ORD0950,29-04-2024,Mobile,South,SP016,69806,16
ORD0951,16-11-2024,Mobile,East,SP007,31041,23
ORD0952,13-05-2024,Laptop,East,SP011,70544,17
ORD0953,11-08-2024,Monitor,West,SP019,69725,19
ORD0954,01-03-2024,Printer,North,SP019,23934,27
ORD0955,05-08-2024,Printer,East,SP007,73212,20
ORD0956,07-03-2024,Monitor,South,SP015,20542,12
ORD0957,09-05-2024,Printer,South,SP010,64176,5
ORD0958,28-04-2024,Mobile,South,SP005,25560,28
ORD0959,13-05-2024,Monitor,West,SP012,54952,19
ORD0960,25-12-2024,Printer,South,SP010,41974,28
ORD0961,04-04-2024,Printer,West,SP016,75373,25
ORD0962,06-08-2024,Mobile,South,SP014,74714,28
ORD0963,03-11-2024,Laptop,East,SP002,22932,20
ORD0964,14-10-2024,Mobile,North,SP006,29606,25
ORD0965,04-09-2024,Printer,West,SP016,64312,30
ORD0966,06-12-2024,Mobile,North,SP019,64823,6
ORD0967,20-02-2024,Tablet,West,SP008,34419,16
ORD0968,17-06-2024,Mobile,South,SP018,69168,26
ORD0969,11-06-2024,Printer,North,SP002,68768,12
ORD0970,23-08-2024,Mobile,East,SP004,61392,18
ORD0971,18-06-2024,Mobile,East,SP009,45935,29
ORD0972,03-08-2024,Laptop,North,SP008,42255,25
ORD0973,13-05-2024,Printer,South,SP004,53806,28
ORD0974,05-08-2024,Tablet,West,SP002,34320,26
ORD0975,31-03-2024,Monitor,North,SP012,32336,30
ORD0976,02-02-2024,Laptop,North,SP020,37480,22
ORD0977,01-04-2024,Tablet,West,SP017,37200,24
ORD0978,07-12-2024,Mobile,South,SP009,55836,24
ORD0979,18-01-2024,Monitor,West,SP005,78925,14
ORD0980,22-09-2024,Laptop,West,SP012,51699,17
ORD0981,12-06-2024,Tablet,South,SP007,48858,25
ORD0982,07-12-2024,Monitor,East,SP005,68408,21
ORD0983,25-10-2024,Mobile,North,SP005,20424,26
ORD0984,23-02-2024,Tablet,South,SP017,60016,24
ORD0985,17-04-2024,Mobile,West,SP020,55117,29
ORD0986,25-03-2024,Laptop,East,SP016,70129,25
ORD0987,06-11-2024,Laptop,East,SP012,55191,9
ORD0988,12-02-2024,Printer,East,SP007,24468,28
ORD0989,06-03-2024,Monitor,North,SP008,53585,28
ORD0990,19-08-2024,Laptop,South,SP008,56953,28
ORD0991,19-09-2024,Laptop,North,SP015,61403,12
ORD0992,18-08-2024,Monitor,South,SP012,67523,30
ORD0993,18-07-2024,Mobile,East,SP006,40697,9
ORD0994,31-10-2024,Mobile,West,SP010,55010,20
ORD0995,29-05-2024,Printer,East,SP013,55508,19
ORD0996,15-12-2024,Monitor,East,SP011,75745,23
ORD0997,28-08-2024,Mobile,East,SP013,66465,11
ORD0998,13-07-2024,Tablet,West,SP018,24082,9
ORD0999,09-08-2024,Printer,South,SP019,77830,10
ORD1000,02-10-2024,Tablet,East,SP010,49548,15
